id,first_name,last_name,email,gender,ip_address,amount_owed,amount_paid,referrer
1,Melissa,Hall,mhall0@cbsnews.com,Female,108.243.87.18,$39.18,$612.78,bandcamp.com
2,Frank,Fuller,ffuller1@newsvine.com,Male,232.36.85.125,$74.52,$418.92,youku.com
3,Janet,Baker,jbaker2@home.pl,Female,189.217.170.220,$10.97,$164.51,blog.com
4,Gerald,Porter,gporter3@eepurl.com,Male,173.52.176.202,$59.88,$620.78,state.gov
5,Aaron,West,awest4@microsoft.com,Male,224.43.111.142,$17.28,$420.37,columbia.edu
6,Gregory,Castillo,gcastillo5@clickbank.net,Male,181.74.103.41,$18.50,$247.18,shinystat.com
7,David,Olson,dolson6@naver.com,Male,42.70.186.61,$13.92,$459.82,trellian.com
8,Louise,Reyes,lreyes7@godaddy.com,Female,11.167.87.211,$64.35,$296.92,blogger.com
9,Gerald,Banks,gbanks8@yolasite.com,Male,107.128.82.169,$20.35,$476.41,army.mil
10,Amy,Medina,amedina9@symantec.com,Female,193.133.26.179,$82.18,$688.60,si.edu
11,Jerry,Burke,jburkea@xinhuanet.com,Male,112.40.7.231,$94.38,$549.11,webnode.com
12,Heather,Ryan,hryanb@unesco.org,Female,224.200.120.23,$38.17,$270.30,abc.net.au
13,Gerald,Williams,gwilliamsc@google.cn,Male,135.38.92.52,$52.74,$373.24,tamu.edu
14,David,Jackson,djacksond@nbcnews.com,Male,14.177.110.190,$11.53,$262.83,ucsd.edu
15,Debra,Arnold,darnolde@seattletimes.com,Female,168.238.59.166,$97.66,$623.12,trellian.com
16,Eugene,Banks,ebanksf@google.de,Male,97.247.161.41,$57.69,$398.74,friendfeed.com
17,Martha,Moreno,mmorenog@deviantart.com,Female,233.89.106.219,$64.19,$651.00,ihg.com
18,Kelly,Peters,kpetersh@bloglines.com,Female,0.43.141.0,$16.12,$363.02,wikispaces.com
19,Gloria,Scott,gscotti@friendfeed.com,Female,16.152.102.83,$65.46,$381.31,bigcartel.com
20,Brian,Adams,badamsj@jiathis.com,Male,206.115.177.247,$28.90,$353.14,yahoo.com
21,Denise,Gonzalez,dgonzalezk@goo.gl,Female,102.214.61.27,$69.26,$419.47,wired.com
22,Keith,Davis,kdavisl@4shared.com,Male,213.64.230.180,$89.12,$801.61,linkedin.com
23,Christine,Edwards,cedwardsm@g.co,Female,220.187.197.221,$45.45,$560.09,usgs.gov
24,Steve,Castillo,scastillon@yale.edu,Male,159.71.62.95,$22.89,$543.36,adobe.com
25,Victor,Little,vlittleo@harvard.edu,Male,227.230.31.254,$27.96,$554.87,ow.ly
26,Jane,Anderson,jandersonp@stumbleupon.com,Female,110.66.5.204,$64.52,$424.19,naver.com
27,Ronald,Johnston,rjohnstonq@mail.ru,Male,105.2.113.62,$52.07,$376.08,whitehouse.gov
28,Betty,Elliott,belliottr@weibo.com,Female,100.180.148.120,$26.22,$411.80,ocn.ne.jp
29,Susan,Reed,sreeds@sfgate.com,Female,91.83.110.181,$29.64,$538.58,yale.edu
30,Jerry,Flores,jflorest@pagesperso-orange.fr,Male,248.81.230.13,$14.46,$945.60,google.com.au
31,Rachel,Hill,rhillu@irs.gov,Female,161.142.238.156,$12.26,$734.01,bravesites.com
32,Paul,Cole,pcolev@upenn.edu,Male,134.240.0.205,$99.29,$652.88,salon.com
33,Jason,Graham,jgrahamw@dagondesign.com,Male,120.111.98.146,$56.57,$502.24,netvibes.com
34,Steve,Clark,sclarkx@cmu.edu,Male,92.230.174.232,$71.87,$700.48,usnews.com
35,Jacqueline,Carroll,jcarrolly@miitbeian.gov.cn,Female,133.121.169.249,$30.68,$868.22,boston.com
36,Pamela,Gonzales,pgonzalesz@webnode.com,Female,177.36.189.142,$79.39,$420.98,walmart.com
37,Howard,Franklin,hfranklin10@guardian.co.uk,Male,255.87.70.145,$79.27,$814.62,marriott.com
38,Jeremy,Brooks,jbrooks11@nytimes.com,Male,23.232.117.243,$65.90,$411.76,reference.com
39,Norma,Porter,nporter12@ow.ly,Female,193.222.186.228,$97.68,$613.85,cafepress.com
40,Kathy,Hunt,khunt13@vinaora.com,Female,128.241.76.194,$82.77,$745.73,drupal.org
41,Linda,Smith,lsmith14@mtv.com,Female,2.109.137.244,$15.28,$864.59,jiathis.com
42,Kimberly,Cruz,kcruz15@si.edu,Female,4.241.230.67,$28.39,$822.37,tiny.cc
43,Joyce,Hill,jhill16@nationalgeographic.com,Female,26.76.194.141,$32.37,$365.95,cam.ac.uk
44,Amy,Bennett,abennett17@deliciousdays.com,Female,214.113.228.51,$90.94,$835.36,dropbox.com
45,Deborah,Elliott,delliott18@geocities.jp,Female,39.37.179.117,$36.25,$761.50,tripadvisor.com
46,William,Reynolds,wreynolds19@redcross.org,Male,171.100.197.172,$48.27,$881.03,admin.ch
47,Stephanie,Torres,storres1a@seattletimes.com,Female,100.250.21.181,$41.04,$292.88,alibaba.com
48,Andrew,Alexander,aalexander1b@google.co.uk,Male,47.29.191.203,$71.34,$500.76,i2i.jp
49,Gerald,Murphy,gmurphy1c@yale.edu,Male,190.145.80.168,$92.21,$573.17,howstuffworks.com
50,Jack,Evans,jevans1d@printfriendly.com,Male,226.37.13.87,$51.60,$277.33,wunderground.com
51,Nancy,Knight,nknight1e@hostgator.com,Female,182.29.230.39,$90.25,$829.50,google.cn
52,Ruth,Gonzales,rgonzales1f@wunderground.com,Female,156.74.95.178,$55.31,$587.81,sphinn.com
53,Gerald,Morales,gmorales1g@dagondesign.com,Male,74.79.151.184,$92.01,$855.56,yellowbook.com
54,Christopher,Cunningham,ccunningham1h@typepad.com,Male,69.5.161.48,$35.71,$199.97,phoca.cz
55,Charles,Fox,cfox1i@miibeian.gov.cn,Male,202.177.142.238,$74.18,$491.87,gnu.org
56,Jonathan,Cook,jcook1j@harvard.edu,Male,102.142.10.1,$26.17,$648.26,list-manage.com
57,Mark,Williams,mwilliams1k@berkeley.edu,Male,182.255.68.186,$10.41,$360.23,godaddy.com
58,Randy,Thompson,rthompson1l@reference.com,Male,20.60.5.28,$36.81,$766.31,imgur.com
59,Teresa,Willis,twillis1m@meetup.com,Female,189.19.72.246,$28.55,$525.25,ox.ac.uk
60,Lawrence,Olson,lolson1n@tiny.cc,Male,109.191.189.92,$45.70,$194.21,ebay.com
61,Lillian,Burns,lburns1o@ft.com,Female,112.158.173.230,$93.07,$853.10,dmoz.org
62,Ruby,Kim,rkim1p@comcast.net,Female,26.151.223.240,$54.39,$564.62,baidu.com
63,Jesse,Richardson,jrichardson1q@sfgate.com,Male,62.40.231.41,$67.99,$837.49,paypal.com
64,Carlos,Marshall,cmarshall1r@paginegialle.it,Male,134.4.141.88,$38.46,$432.20,nature.com
65,Aaron,Graham,agraham1s@indiatimes.com,Male,116.90.12.227,$39.07,$251.32,google.pl
66,Kathleen,Hunt,khunt1t@gov.uk,Female,34.130.76.148,$46.27,$347.48,bigcartel.com
67,Ernest,Harvey,eharvey1u@java.com,Male,161.52.138.128,$51.81,$933.28,bizjournals.com
68,Brenda,Little,blittle1v@ocn.ne.jp,Female,168.220.30.185,$62.57,$336.46,reverbnation.com
69,Steven,Wells,swells1w@newsvine.com,Male,137.13.112.126,$43.98,$922.97,storify.com
70,Maria,Jones,mjones1x@walmart.com,Female,92.51.86.237,$54.11,$278.63,miitbeian.gov.cn
71,Lawrence,Knight,lknight1y@mashable.com,Male,39.133.78.43,$40.10,$154.35,hao123.com
72,Jonathan,Bailey,jbailey1z@51.la,Male,224.68.246.215,$42.61,$477.02,msn.com
73,Margaret,Bailey,mbailey20@buzzfeed.com,Female,98.195.19.2,$33.13,$151.13,clickbank.net
74,Mary,Rivera,mrivera21@mit.edu,Female,132.38.146.166,$64.31,$981.54,sina.com.cn
75,Sandra,Lopez,slopez22@nbcnews.com,Female,183.89.5.17,$77.53,$853.19,t.co
76,Marilyn,Mcdonald,mmcdonald23@weather.com,Female,87.158.19.213,$58.68,$875.74,netvibes.com
77,James,Armstrong,jarmstrong24@webnode.com,Male,192.165.68.105,$86.55,$854.28,123-reg.co.uk
78,Kimberly,Lopez,klopez25@cnet.com,Female,91.48.122.18,$31.03,$918.11,unblog.fr
79,Annie,Dixon,adixon26@4shared.com,Female,49.86.152.25,$85.60,$415.40,adobe.com
80,Helen,Russell,hrussell27@europa.eu,Female,60.204.253.128,$86.13,$272.57,wiley.com
81,Harry,Mills,hmills28@elegantthemes.com,Male,53.116.67.49,$17.47,$414.31,ocn.ne.jp
82,Pamela,Wallace,pwallace29@behance.net,Female,90.154.100.116,$19.13,$587.85,goodreads.com
83,Michael,Schmidt,mschmidt2a@reverbnation.com,Male,210.214.232.7,$45.77,$893.49,storify.com
84,Ralph,Jenkins,rjenkins2b@altervista.org,Male,67.30.214.250,$82.33,$463.52,squidoo.com
85,Pamela,Ortiz,portiz2c@nba.com,Female,218.152.114.69,$79.26,$799.88,bigcartel.com
86,Pamela,Mason,pmason2d@unblog.fr,Female,132.216.38.42,$94.62,$483.66,behance.net
87,Randy,Walker,rwalker2e@hibu.com,Male,156.15.84.63,$31.91,$854.24,odnoklassniki.ru
88,Dennis,Martin,dmartin2f@canalblog.com,Male,18.80.14.44,$64.67,$917.98,shareasale.com
89,Dennis,Stewart,dstewart2g@sun.com,Male,178.154.82.250,$82.04,$900.89,nature.com
90,Jane,Hunter,jhunter2h@i2i.jp,Female,225.183.103.251,$28.86,$774.85,microsoft.com
91,Frances,Howard,fhoward2i@unicef.org,Female,41.43.1.8,$57.35,$705.56,skyrock.com
92,Christina,Harvey,charvey2j@oakley.com,Female,62.194.55.207,$66.34,$204.11,4shared.com
93,Rebecca,Gonzales,rgonzales2k@harvard.edu,Female,203.68.157.146,$93.90,$777.89,liveinternet.ru
94,Arthur,Fernandez,afernandez2l@amazon.co.jp,Male,214.148.29.57,$76.58,$950.16,google.ca
95,Donald,Chavez,dchavez2m@marketwatch.com,Male,110.38.68.78,$46.08,$812.11,buzzfeed.com
96,Kathleen,Morris,kmorris2n@digg.com,Female,253.104.46.39,$20.12,$374.65,free.fr
97,Gregory,Welch,gwelch2o@hatena.ne.jp,Male,243.177.52.195,$59.23,$744.19,go.com
98,Craig,Robertson,crobertson2p@mtv.com,Male,62.88.151.4,$27.17,$265.73,fema.gov
99,William,Gray,wgray2q@narod.ru,Male,77.6.184.26,$26.15,$391.21,360.cn
100,Clarence,Hernandez,chernandez2r@flavors.me,Male,119.128.46.76,$97.17,$373.26,t.co
101,Carlos,Flores,cflores2s@surveymonkey.com,Male,32.159.77.187,$26.45,$377.17,aboutads.info
102,Lillian,Lewis,llewis2t@cpanel.net,Female,193.100.65.18,$26.46,$565.56,addtoany.com
103,Steve,Spencer,sspencer2u@printfriendly.com,Male,228.218.143.109,$73.88,$897.98,jugem.jp
104,Nicole,Hayes,nhayes2v@sciencedaily.com,Female,126.222.42.162,$40.82,$235.64,biglobe.ne.jp
105,Pamela,Kelley,pkelley2w@amazon.com,Female,229.76.25.175,$65.84,$199.53,va.gov
106,Andrea,Kelly,akelly2x@multiply.com,Female,198.236.110.125,$73.00,$693.22,google.pl
107,Alice,Hicks,ahicks2y@blinklist.com,Female,130.82.113.183,$27.54,$697.41,yandex.ru
108,Joyce,Burton,jburton2z@netvibes.com,Female,16.71.216.111,$72.22,$363.61,indiatimes.com
109,Helen,Fernandez,hfernandez30@clickbank.net,Female,13.152.147.133,$73.73,$183.56,bing.com
110,Helen,Garrett,hgarrett31@canalblog.com,Female,194.112.160.199,$74.62,$885.32,51.la
111,Sharon,Daniels,sdaniels32@dmoz.org,Female,229.53.1.251,$25.55,$293.26,google.fr
112,Anna,Shaw,ashaw33@ocn.ne.jp,Female,250.141.162.100,$64.91,$532.36,state.tx.us
113,Bruce,Thompson,bthompson34@twitter.com,Male,61.25.58.87,$24.78,$955.29,go.com
114,Roger,Lopez,rlopez35@google.de,Male,21.99.185.208,$12.47,$385.97,deviantart.com
115,Julia,Gomez,jgomez36@tripod.com,Female,8.234.200.139,$35.38,$834.26,sohu.com
116,Anne,Graham,agraham37@ed.gov,Female,108.99.45.1,$85.84,$761.48,ifeng.com
117,Diane,Ward,dward38@qq.com,Female,220.90.209.81,$40.79,$643.59,springer.com
118,Stephanie,Walker,swalker39@tamu.edu,Female,121.96.2.4,$89.90,$460.80,who.int
119,Johnny,Wheeler,jwheeler3a@wikipedia.org,Male,210.53.2.132,$66.85,$586.28,delicious.com
120,Larry,Owens,lowens3b@joomla.org,Male,43.145.100.189,$76.40,$737.59,weibo.com
121,Carl,Barnes,cbarnes3c@tamu.edu,Male,125.21.101.207,$25.29,$202.09,multiply.com
122,Antonio,Morrison,amorrison3d@cloudflare.com,Male,123.170.173.221,$87.46,$937.06,telegraph.co.uk
123,Stephen,Graham,sgraham3e@businessweek.com,Male,31.48.164.73,$76.65,$577.31,scribd.com
124,Albert,Smith,asmith3f@sakura.ne.jp,Male,148.195.184.110,$58.75,$537.17,cpanel.net
125,Jessica,Willis,jwillis3g@state.gov,Female,46.138.110.26,$85.35,$739.98,skyrock.com
126,Keith,Ruiz,kruiz3h@arstechnica.com,Male,136.254.99.253,$38.05,$662.48,studiopress.com
127,Johnny,Harris,jharris3i@feedburner.com,Male,253.0.1.105,$77.04,$821.68,youtu.be
128,Jacqueline,Weaver,jweaver3j@oakley.com,Female,61.34.75.178,$44.66,$876.04,yahoo.com
129,Margaret,Cooper,mcooper3k@nytimes.com,Female,242.160.38.21,$82.39,$237.00,ocn.ne.jp
130,Tina,Armstrong,tarmstrong3l@abc.net.au,Female,253.54.84.101,$85.72,$748.86,google.nl
131,Albert,Butler,abutler3m@webmd.com,Male,243.154.9.184,$19.14,$962.94,moonfruit.com
132,Catherine,Fuller,cfuller3n@go.com,Female,240.110.65.110,$47.24,$667.57,epa.gov
133,Virginia,Hayes,vhayes3o@geocities.com,Female,226.134.165.185,$35.86,$736.52,ebay.co.uk
134,Lisa,Graham,lgraham3p@jimdo.com,Female,203.243.6.150,$34.68,$467.57,sciencedirect.com
135,Deborah,Butler,dbutler3q@wisc.edu,Female,4.106.24.77,$47.23,$950.09,xrea.com
136,Steven,Hall,shall3r@feedburner.com,Male,158.243.247.248,$27.01,$468.91,printfriendly.com
137,Nancy,Stephens,nstephens3s@hexun.com,Female,153.12.74.48,$31.60,$690.22,barnesandnoble.com
138,Chris,Wood,cwood3t@facebook.com,Male,230.212.24.155,$41.46,$626.00,amazon.de
139,Deborah,Woods,dwoods3u@usa.gov,Female,3.195.89.79,$82.49,$446.36,fda.gov
140,Nicholas,Burns,nburns3v@apple.com,Male,135.180.136.196,$19.72,$265.65,ibm.com
141,Jeffrey,Hudson,jhudson3w@google.com.br,Male,181.4.214.75,$89.01,$778.87,bloomberg.com
142,Louise,Pierce,lpierce3x@google.com.au,Female,14.199.185.66,$29.25,$764.46,forbes.com
143,Maria,Knight,mknight3y@w3.org,Female,251.253.129.164,$61.36,$960.75,gizmodo.com
144,Dennis,Wallace,dwallace3z@un.org,Male,164.242.9.25,$71.16,$248.65,irs.gov
145,Jessica,Cooper,jcooper40@narod.ru,Female,137.229.112.209,$55.05,$830.44,furl.net
146,Joyce,Scott,jscott41@mozilla.com,Female,56.109.72.91,$35.22,$923.02,home.pl
147,Edward,Matthews,ematthews42@xing.com,Male,199.101.204.23,$48.35,$153.03,ucoz.com
148,Sandra,Wheeler,swheeler43@reverbnation.com,Female,209.31.107.104,$85.26,$696.66,domainmarket.com
149,Scott,Ellis,sellis44@epa.gov,Male,148.130.25.166,$26.54,$889.54,cargocollective.com
150,Judith,Moore,jmoore45@odnoklassniki.ru,Female,104.247.241.33,$90.16,$656.11,slashdot.org
151,Antonio,Phillips,aphillips46@rediff.com,Male,242.220.1.74,$49.00,$555.61,discovery.com
152,Carolyn,Cole,ccole47@redcross.org,Female,122.146.65.95,$80.68,$315.87,theguardian.com
153,Jimmy,Evans,jevans48@java.com,Male,54.138.198.25,$61.17,$920.83,samsung.com
154,Lawrence,Moore,lmoore49@wikispaces.com,Male,110.153.186.83,$63.43,$331.57,flavors.me
155,Nancy,Morrison,nmorrison4a@ezinearticles.com,Female,24.166.74.46,$72.84,$178.88,friendfeed.com
156,Joan,Greene,jgreene4b@dot.gov,Female,30.207.97.142,$19.31,$354.51,irs.gov
157,Louis,Stone,lstone4c@foxnews.com,Male,117.240.104.43,$19.20,$935.07,a8.net
158,Lisa,Kelley,lkelley4d@nyu.edu,Female,89.124.37.139,$79.95,$631.87,freewebs.com
159,David,Lewis,dlewis4e@dmoz.org,Male,178.255.159.116,$87.81,$310.36,shop-pro.jp
160,Robert,Long,rlong4f@cbc.ca,Male,202.227.57.133,$96.15,$508.23,dmoz.org
161,Theresa,Hawkins,thawkins4g@businesswire.com,Female,132.101.98.204,$10.85,$681.09,disqus.com
162,Louis,George,lgeorge4h@pinterest.com,Male,18.120.59.46,$24.61,$643.46,wikispaces.com
163,Frank,Robinson,frobinson4i@people.com.cn,Male,85.6.121.104,$14.02,$237.44,discovery.com
164,Clarence,Carr,ccarr4j@dailymail.co.uk,Male,98.120.114.21,$57.25,$902.02,tripadvisor.com
165,Michelle,Hernandez,mhernandez4k@jimdo.com,Female,69.233.42.235,$44.35,$323.30,weather.com
166,Jeremy,Bradley,jbradley4l@alibaba.com,Male,199.118.246.245,$33.87,$468.20,lulu.com
167,Earl,Wood,ewood4m@mit.edu,Male,253.243.32.178,$28.73,$346.41,admin.ch
168,Amanda,Armstrong,aarmstrong4n@abc.net.au,Female,232.132.167.96,$66.55,$260.26,plala.or.jp
169,Louis,Reed,lreed4o@discovery.com,Male,41.142.236.210,$94.56,$705.74,vistaprint.com
170,George,Gutierrez,ggutierrez4p@odnoklassniki.ru,Male,5.58.29.179,$82.14,$213.65,addtoany.com
171,Sandra,Romero,sromero4q@redcross.org,Female,23.13.197.144,$49.55,$491.27,wisc.edu
172,Roger,Duncan,rduncan4r@microsoft.com,Male,46.19.158.0,$91.03,$709.45,usnews.com
173,Bonnie,Nichols,bnichols4s@merriam-webster.com,Female,182.81.186.165,$57.70,$766.80,skype.com
174,Douglas,Martin,dmartin4t@trellian.com,Male,141.47.152.128,$32.29,$326.21,sun.com
175,Carol,Miller,cmiller4u@ebay.co.uk,Female,69.254.121.228,$45.56,$821.56,scientificamerican.com
176,Shawn,Powell,spowell4v@wordpress.com,Male,245.44.238.109,$56.68,$321.49,pcworld.com
177,Judith,Torres,jtorres4w@jugem.jp,Female,102.245.13.48,$63.39,$700.79,paginegialle.it
178,Doris,Hill,dhill4x@reuters.com,Female,183.171.55.239,$43.20,$855.62,nasa.gov
179,Terry,Griffin,tgriffin4y@flavors.me,Male,128.188.89.125,$59.56,$678.03,exblog.jp
180,Sean,Cole,scole4z@ft.com,Male,99.165.120.122,$62.80,$315.09,canalblog.com
181,Gary,Brooks,gbrooks50@ow.ly,Male,153.83.134.145,$21.26,$697.17,plala.or.jp
182,Henry,Patterson,hpatterson51@twitter.com,Male,23.104.157.75,$54.48,$974.55,wired.com
183,Sharon,Johnson,sjohnson52@about.me,Female,91.242.61.182,$83.91,$272.60,google.ca
184,Antonio,Berry,aberry53@stanford.edu,Male,185.76.197.6,$24.64,$425.89,reddit.com
185,Jason,Stevens,jstevens54@ftc.gov,Male,201.34.8.170,$73.24,$389.42,google.co.uk
186,Lois,Watson,lwatson55@typepad.com,Female,92.253.129.76,$71.86,$190.20,engadget.com
187,Carolyn,Franklin,cfranklin56@usgs.gov,Female,178.182.1.88,$77.14,$559.14,intel.com
188,Jane,Spencer,jspencer57@ovh.net,Female,106.103.88.171,$59.42,$556.93,bbc.co.uk
189,Lori,Berry,lberry58@dot.gov,Female,162.162.216.186,$19.85,$940.02,nationalgeographic.com
190,Rose,Lane,rlane59@twitter.com,Female,168.77.199.150,$42.31,$830.83,domainmarket.com
191,Martha,Perkins,mperkins5a@zdnet.com,Female,59.247.190.52,$28.09,$271.47,newsvine.com
192,Frances,Gordon,fgordon5b@shareasale.com,Female,39.209.179.205,$76.36,$962.94,godaddy.com
193,Jack,Cox,jcox5c@usgs.gov,Male,67.235.240.146,$29.62,$791.16,vistaprint.com
194,Evelyn,Walker,ewalker5d@1und1.de,Female,255.49.226.115,$59.49,$662.67,tripod.com
195,Brenda,Hunt,bhunt5e@symantec.com,Female,90.103.113.35,$92.46,$738.61,oracle.com
196,Paul,Long,plong5f@hugedomains.com,Male,136.101.118.135,$15.63,$254.69,reuters.com
197,Richard,White,rwhite5g@sogou.com,Male,126.216.180.116,$49.85,$319.64,163.com
198,Jason,Rogers,jrogers5h@slate.com,Male,240.115.170.79,$38.82,$256.60,google.com.br
199,Joseph,Hill,jhill5i@sina.com.cn,Male,47.175.61.110,$57.23,$881.93,newyorker.com
200,Carl,Hughes,chughes5j@typepad.com,Male,114.255.220.41,$57.88,$853.78,telegraph.co.uk
201,Christopher,Cruz,ccruz5k@sciencedirect.com,Male,229.31.108.220,$63.75,$335.60,yelp.com
202,Linda,Davis,ldavis5l@nhs.uk,Female,141.242.178.36,$54.66,$772.89,shop-pro.jp
203,John,Lopez,jlopez5m@rediff.com,Male,42.32.216.177,$61.26,$621.09,independent.co.uk
204,Theresa,Fisher,tfisher5n@imageshack.us,Female,245.166.92.12,$26.84,$942.32,hatena.ne.jp
205,Martha,Carr,mcarr5o@mapy.cz,Female,241.88.14.202,$15.40,$325.18,washingtonpost.com
206,Sandra,Morgan,smorgan5p@macromedia.com,Female,41.105.244.45,$13.57,$435.66,intel.com
207,Barbara,Hernandez,bhernandez5q@weebly.com,Female,45.118.245.115,$34.65,$259.12,sphinn.com
208,Gloria,Fisher,gfisher5r@washingtonpost.com,Female,117.93.200.36,$53.42,$950.57,infoseek.co.jp
209,Ann,Olson,aolson5s@independent.co.uk,Female,33.54.113.242,$79.42,$882.94,house.gov
210,Kathryn,Henry,khenry5t@baidu.com,Female,241.245.227.43,$43.88,$907.70,domainmarket.com
211,Craig,Day,cday5u@behance.net,Male,208.7.11.99,$40.77,$804.80,apple.com
212,Gregory,Sanders,gsanders5v@huffingtonpost.com,Male,237.38.189.126,$78.20,$561.20,zdnet.com
213,Laura,Walker,lwalker5w@si.edu,Female,233.166.121.34,$88.39,$590.25,sbwire.com
214,Martin,Murphy,mmurphy5x@omniture.com,Male,105.139.12.203,$40.37,$472.46,wikispaces.com
215,Jennifer,Burton,jburton5y@comsenz.com,Female,39.54.53.208,$56.38,$643.52,mapquest.com
216,Dennis,Jordan,djordan5z@printfriendly.com,Male,44.74.11.63,$73.72,$352.74,fda.gov
217,Louise,Woods,lwoods60@wufoo.com,Female,244.214.155.101,$65.45,$236.71,dropbox.com
218,Steven,Willis,swillis61@epa.gov,Male,239.20.29.160,$57.21,$873.89,opensource.org
219,Kelly,Howard,khoward62@seattletimes.com,Female,106.19.138.149,$42.17,$417.31,mtv.com
220,Nicholas,Rivera,nrivera63@craigslist.org,Male,245.28.50.84,$95.29,$245.22,desdev.cn
221,Joan,Cruz,jcruz64@dailymotion.com,Female,20.182.63.120,$87.48,$718.54,state.tx.us
222,Carolyn,Tucker,ctucker65@dailymail.co.uk,Female,147.239.188.129,$27.68,$799.02,netscape.com
223,Richard,Rose,rrose66@miitbeian.gov.cn,Male,80.141.178.77,$46.34,$871.65,spiegel.de
224,Pamela,Ward,pward67@exblog.jp,Female,220.115.207.181,$11.50,$275.83,tinypic.com
225,Louise,Ellis,lellis68@upenn.edu,Female,218.128.6.126,$39.22,$183.18,washington.edu
226,Linda,Romero,lromero69@t.co,Female,93.23.191.83,$85.72,$479.17,geocities.jp
227,Patricia,Gibson,pgibson6a@wiley.com,Female,244.234.147.70,$96.96,$493.75,cdc.gov
228,Shirley,Phillips,sphillips6b@ameblo.jp,Female,97.86.198.58,$20.78,$356.43,topsy.com
229,Sharon,Watkins,swatkins6c@naver.com,Female,117.22.73.231,$76.56,$575.00,state.gov
230,Emily,Webb,ewebb6d@gravatar.com,Female,17.111.165.151,$44.96,$902.88,delicious.com
231,Johnny,Fisher,jfisher6e@fda.gov,Male,111.210.221.20,$50.83,$744.37,google.ru
232,Anthony,Edwards,aedwards6f@netlog.com,Male,69.24.30.38,$26.24,$697.89,bandcamp.com
233,Chris,Jordan,cjordan6g@jiathis.com,Male,151.178.62.36,$12.36,$991.46,cpanel.net
234,Joan,Murphy,jmurphy6h@youtu.be,Female,44.36.168.27,$14.89,$523.16,artisteer.com
235,Kathleen,Lewis,klewis6i@baidu.com,Female,134.71.45.2,$32.58,$465.23,about.me
236,Bruce,Sims,bsims6j@yale.edu,Male,18.148.101.15,$50.22,$722.45,blogger.com
237,Angela,Watson,awatson6k@t-online.de,Female,150.179.73.170,$17.84,$718.75,posterous.com
238,Jeffrey,Hamilton,jhamilton6l@1688.com,Male,44.94.163.23,$95.62,$898.39,yellowpages.com
239,Marie,Lee,mlee6m@ca.gov,Female,59.72.125.45,$87.83,$939.82,free.fr
240,Ann,Williamson,awilliamson6n@guardian.co.uk,Female,248.5.29.105,$97.63,$777.73,myspace.com
241,Christina,Hawkins,chawkins6o@auda.org.au,Female,134.152.138.70,$24.98,$644.75,trellian.com
242,Andrea,Murphy,amurphy6p@examiner.com,Female,221.71.89.68,$64.03,$358.81,pen.io
243,Kenneth,Arnold,karnold6q@joomla.org,Male,220.36.37.174,$56.21,$255.52,skyrock.com
244,Robert,Mitchell,rmitchell6r@vimeo.com,Male,131.161.95.78,$62.46,$321.19,dropbox.com
245,Christopher,Harper,charper6s@comcast.net,Male,114.190.162.225,$30.37,$190.25,google.co.uk
246,Howard,Marshall,hmarshall6t@slashdot.org,Male,168.32.45.54,$67.38,$165.82,sakura.ne.jp
247,Gloria,Carr,gcarr6u@fema.gov,Female,104.199.198.133,$21.02,$165.35,123-reg.co.uk
248,Albert,Watkins,awatkins6v@bing.com,Male,20.214.207.106,$57.40,$505.72,wikipedia.org
249,Rose,Jones,rjones6w@harvard.edu,Female,223.27.58.203,$94.88,$330.66,bloglines.com
250,Edward,Riley,eriley6x@toplist.cz,Male,250.245.36.222,$86.95,$966.58,state.tx.us
251,Carolyn,Mason,cmason6y@live.com,Female,8.55.211.53,$82.52,$238.57,cloudflare.com
252,Jason,Franklin,jfranklin6z@topsy.com,Male,236.108.15.124,$33.11,$939.55,unicef.org
253,Timothy,Myers,tmyers70@va.gov,Male,23.210.154.109,$16.35,$662.39,bloomberg.com
254,Melissa,Collins,mcollins71@php.net,Female,37.217.123.30,$18.93,$203.27,columbia.edu
255,Ronald,Meyer,rmeyer72@tripod.com,Male,184.200.105.149,$93.56,$599.90,columbia.edu
256,Juan,Taylor,jtaylor73@answers.com,Male,74.35.2.150,$35.03,$530.45,w3.org
257,Laura,Mccoy,lmccoy74@fema.gov,Female,215.16.210.50,$90.46,$659.86,blinklist.com
258,Billy,Watson,bwatson75@foxnews.com,Male,5.174.234.177,$49.52,$662.59,yolasite.com
259,Jesse,Coleman,jcoleman76@mysql.com,Male,173.107.164.53,$15.74,$681.15,amazon.co.uk
260,Lois,Knight,lknight77@bing.com,Female,82.252.180.25,$92.32,$778.02,ucla.edu
261,Teresa,Martinez,tmartinez78@census.gov,Female,73.68.109.163,$80.12,$630.29,goodreads.com
262,Jesse,Woods,jwoods79@constantcontact.com,Male,159.156.228.133,$12.94,$838.31,huffingtonpost.com
263,Jimmy,Ortiz,jortiz7a@senate.gov,Male,75.131.32.131,$32.52,$816.28,earthlink.net
264,Stephanie,Arnold,sarnold7b@uiuc.edu,Female,98.97.136.85,$22.05,$417.34,mail.ru
265,Henry,Carr,hcarr7c@biglobe.ne.jp,Male,113.36.208.134,$47.20,$162.85,ucoz.ru
266,Lois,Oliver,loliver7d@typepad.com,Female,228.8.54.37,$91.69,$410.62,geocities.jp
267,Betty,Vasquez,bvasquez7e@psu.edu,Female,30.139.60.186,$54.58,$184.16,g.co
268,Jeffrey,Collins,jcollins7f@nifty.com,Male,61.151.117.102,$58.76,$372.98,drupal.org
269,Fred,Ortiz,fortiz7g@phoca.cz,Male,75.87.33.115,$91.18,$421.47,mapy.cz
270,Stephen,Gutierrez,sgutierrez7h@usatoday.com,Male,136.232.178.151,$34.91,$892.21,amazon.de
271,Amanda,Lawson,alawson7i@shutterfly.com,Female,25.128.20.81,$54.80,$764.08,cafepress.com
272,Howard,Medina,hmedina7j@shop-pro.jp,Male,63.182.190.217,$59.96,$592.29,themeforest.net
273,Emily,Lopez,elopez7k@so-net.ne.jp,Female,4.57.133.73,$91.99,$967.02,tripadvisor.com
274,Roy,Rose,rrose7l@youtu.be,Male,105.25.118.138,$57.78,$889.93,blinklist.com
275,Daniel,Stewart,dstewart7m@ovh.net,Male,72.137.171.36,$90.31,$878.53,usatoday.com
276,Angela,Harper,aharper7n@wunderground.com,Female,210.250.5.173,$31.21,$484.92,narod.ru
277,Bruce,Rice,brice7o@goo.gl,Male,44.150.61.125,$30.48,$666.11,creativecommons.org
278,Jeremy,Duncan,jduncan7p@com.com,Male,30.18.108.169,$31.71,$306.88,hatena.ne.jp
279,Betty,Holmes,bholmes7q@psu.edu,Female,246.141.233.154,$37.60,$986.08,lulu.com
280,Janet,Perkins,jperkins7r@aol.com,Female,58.158.46.198,$18.10,$554.32,amazon.co.uk
281,Roy,Holmes,rholmes7s@typepad.com,Male,117.177.111.17,$44.72,$315.07,qq.com
282,Willie,Alexander,walexander7t@cnn.com,Male,243.54.134.114,$55.17,$400.28,senate.gov
283,Nicole,Barnes,nbarnes7u@sakura.ne.jp,Female,231.162.253.157,$81.48,$890.87,mashable.com
284,Nancy,Roberts,nroberts7v@pen.io,Female,173.58.133.65,$32.65,$444.08,google.com.au
285,Fred,Arnold,farnold7w@cbc.ca,Male,212.73.167.189,$15.29,$611.55,disqus.com
286,Ronald,Montgomery,rmontgomery7x@fema.gov,Male,102.210.225.215,$29.93,$810.49,tamu.edu
287,Clarence,King,cking7y@msu.edu,Male,8.230.169.128,$20.89,$978.65,jigsy.com
288,Russell,Watson,rwatson7z@example.com,Male,139.229.252.79,$87.37,$791.35,miibeian.gov.cn
289,Pamela,Martinez,pmartinez80@census.gov,Female,60.242.37.165,$47.39,$181.69,census.gov
290,George,Williamson,gwilliamson81@latimes.com,Male,75.133.145.30,$73.18,$951.39,cargocollective.com
291,Brian,Bishop,bbishop82@hud.gov,Male,163.124.180.193,$57.42,$920.70,woothemes.com
292,Donna,Austin,daustin83@theglobeandmail.com,Female,176.245.77.160,$61.89,$190.68,wufoo.com
293,Katherine,Lynch,klynch84@google.cn,Female,16.246.188.206,$21.96,$396.29,archive.org
294,Shawn,Bowman,sbowman85@chronoengine.com,Male,43.89.85.78,$99.10,$751.92,amazon.co.uk
295,John,Kelley,jkelley86@e-recht24.de,Male,179.34.144.241,$25.72,$615.88,archive.org
296,Daniel,Robertson,drobertson87@cbsnews.com,Male,116.197.183.163,$73.52,$331.80,unblog.fr
297,Paul,Cooper,pcooper88@sciencedirect.com,Male,211.60.195.150,$93.43,$652.24,github.io
298,Anne,Welch,awelch89@ca.gov,Female,108.52.137.226,$86.22,$452.48,nbcnews.com
299,Brandon,Reynolds,breynolds8a@networkadvertising.org,Male,181.110.79.156,$72.96,$290.29,hao123.com
300,John,Burton,jburton8b@spotify.com,Male,72.88.188.135,$80.72,$574.63,about.me
301,Keith,Murray,kmurray8c@rambler.ru,Male,104.46.100.80,$81.36,$914.61,google.com.hk
302,Harold,Phillips,hphillips8d@wikimedia.org,Male,57.148.62.108,$58.25,$472.27,xrea.com
303,Sarah,Perez,sperez8e@upenn.edu,Female,191.128.39.238,$80.31,$397.66,usda.gov
304,Jacqueline,Jenkins,jjenkins8f@dell.com,Female,119.223.253.111,$44.41,$719.65,yellowbook.com
305,Terry,Gardner,tgardner8g@cafepress.com,Male,182.110.32.143,$87.56,$948.21,friendfeed.com
306,Christina,Romero,cromero8h@exblog.jp,Female,110.134.124.194,$77.08,$384.11,smugmug.com
307,Jesse,Rice,jrice8i@hubpages.com,Male,137.112.254.169,$68.39,$368.99,twitpic.com
308,Susan,Watkins,swatkins8j@woothemes.com,Female,140.72.101.146,$99.72,$558.69,dmoz.org
309,Virginia,Kelly,vkelly8k@nydailynews.com,Female,1.170.6.224,$70.71,$211.81,chicagotribune.com
310,Patrick,Ford,pford8l@bbb.org,Male,15.16.83.188,$28.33,$167.68,google.es
311,Debra,Reynolds,dreynolds8m@dailymotion.com,Female,21.88.78.107,$53.10,$202.05,addtoany.com
312,Sandra,Parker,sparker8n@oracle.com,Female,188.204.116.124,$63.27,$746.16,163.com
313,Shawn,Murray,smurray8o@amazon.co.jp,Male,58.145.68.159,$74.22,$320.79,g.co
314,Alice,Welch,awelch8p@squidoo.com,Female,145.63.149.60,$88.91,$582.10,over-blog.com
315,Rose,Carroll,rcarroll8q@sfgate.com,Female,165.33.1.210,$23.12,$384.31,boston.com
316,Frank,Gomez,fgomez8r@google.es,Male,169.222.148.242,$60.15,$729.19,ca.gov
317,Nancy,Harris,nharris8s@github.io,Female,129.100.153.74,$10.80,$494.88,oakley.com
318,Timothy,Snyder,tsnyder8t@hugedomains.com,Male,109.223.52.185,$98.54,$766.13,cisco.com
319,Phyllis,Phillips,pphillips8u@exblog.jp,Female,122.109.47.108,$95.63,$341.18,icq.com
320,Evelyn,Arnold,earnold8v@csmonitor.com,Female,44.132.181.131,$77.44,$886.92,instagram.com
321,Anne,Coleman,acoleman8w@archive.org,Female,192.190.99.84,$38.05,$862.15,stumbleupon.com
322,Jesse,Castillo,jcastillo8x@hatena.ne.jp,Male,37.218.1.234,$74.84,$184.50,de.vu
323,Ronald,Fisher,rfisher8y@themeforest.net,Male,65.28.238.37,$73.43,$329.95,xinhuanet.com
324,Martin,Smith,msmith8z@google.com.hk,Male,254.100.176.109,$37.01,$529.25,weibo.com
325,Donna,Ward,dward90@gravatar.com,Female,136.235.152.240,$40.61,$722.25,forbes.com
326,Alice,Weaver,aweaver91@hp.com,Female,16.221.93.121,$92.41,$670.45,myspace.com
327,Angela,Gutierrez,agutierrez92@wsj.com,Female,170.132.8.193,$15.38,$329.57,noaa.gov
328,Eugene,Johnston,ejohnston93@rambler.ru,Male,32.60.171.178,$28.74,$498.56,behance.net
329,Jimmy,Hall,jhall94@webs.com,Male,74.232.117.244,$15.93,$225.23,sakura.ne.jp
330,Brandon,Jackson,bjackson95@vk.com,Male,150.159.7.46,$36.09,$444.95,princeton.edu
331,Mary,Torres,mtorres96@theglobeandmail.com,Female,60.104.79.16,$10.28,$154.90,weebly.com
332,Randy,Williams,rwilliams97@who.int,Male,52.230.10.2,$31.69,$337.02,reverbnation.com
333,Tina,Roberts,troberts98@census.gov,Female,5.21.97.96,$98.51,$468.28,qq.com
334,Stephen,Stewart,sstewart99@acquirethisname.com,Male,210.238.118.170,$35.27,$317.33,ycombinator.com
335,Katherine,Alexander,kalexander9a@slideshare.net,Female,109.70.172.125,$57.32,$826.88,parallels.com
336,Phyllis,Harris,pharris9b@ucsd.edu,Female,227.1.173.230,$78.26,$626.32,cloudflare.com
337,Beverly,Morrison,bmorrison9c@pbs.org,Female,92.240.22.108,$42.62,$214.09,unesco.org
338,Denise,Stevens,dstevens9d@google.de,Female,173.85.185.240,$92.06,$878.47,bluehost.com
339,Louise,Kim,lkim9e@cam.ac.uk,Female,163.253.27.67,$41.87,$636.18,blog.com
340,Todd,Pierce,tpierce9f@4shared.com,Male,62.153.24.47,$49.02,$844.32,quantcast.com
341,Catherine,Kelly,ckelly9g@twitpic.com,Female,214.87.219.15,$24.39,$307.85,w3.org
342,Brenda,Lopez,blopez9h@unicef.org,Female,238.201.107.69,$34.33,$878.32,mtv.com
343,Brandon,Wagner,bwagner9i@comsenz.com,Male,149.126.97.214,$92.93,$528.39,wordpress.org
344,Gerald,Rose,grose9j@hud.gov,Male,105.67.119.21,$33.51,$762.04,fc2.com
345,Martha,Fields,mfields9k@cargocollective.com,Female,43.37.1.89,$52.70,$903.54,issuu.com
346,Sandra,Schmidt,sschmidt9l@amazon.co.jp,Female,250.110.3.108,$18.13,$531.99,dyndns.org
347,Julia,Sanders,jsanders9m@squidoo.com,Female,141.203.184.89,$25.42,$492.67,google.de
348,Gerald,Wilson,gwilson9n@imgur.com,Male,183.126.12.183,$77.34,$461.35,japanpost.jp
349,Russell,Wright,rwright9o@flickr.com,Male,49.227.239.146,$96.61,$257.32,about.me
350,Rachel,Henry,rhenry9p@miitbeian.gov.cn,Female,37.74.178.211,$76.04,$584.41,oakley.com
351,Douglas,Washington,dwashington9q@imageshack.us,Male,47.72.192.114,$52.39,$482.00,princeton.edu
352,Cheryl,Martin,cmartin9r@feedburner.com,Female,7.113.91.244,$92.13,$575.33,usnews.com
353,Tammy,Montgomery,tmontgomery9s@seesaa.net,Female,22.84.155.6,$89.65,$905.79,com.com
354,Kevin,Spencer,kspencer9t@constantcontact.com,Male,182.251.90.33,$55.41,$326.15,wisc.edu
355,Jessica,George,jgeorge9u@arstechnica.com,Female,178.105.121.20,$55.31,$840.33,howstuffworks.com
356,Arthur,Williams,awilliams9v@webs.com,Male,8.110.112.45,$42.38,$490.81,sohu.com
357,Sarah,Graham,sgraham9w@house.gov,Female,2.1.175.39,$54.87,$545.59,ted.com
358,Rachel,Hughes,rhughes9x@engadget.com,Female,182.14.97.132,$30.29,$853.34,youtube.com
359,Brenda,Phillips,bphillips9y@ftc.gov,Female,151.69.218.58,$29.37,$786.42,tumblr.com
360,James,Kelley,jkelley9z@photobucket.com,Male,222.155.64.39,$62.33,$462.40,jigsy.com
361,Aaron,Williamson,awilliamsona0@cocolog-nifty.com,Male,23.23.152.28,$89.62,$296.51,privacy.gov.au
362,Shawn,Black,sblacka1@acquirethisname.com,Male,110.158.254.99,$99.40,$739.86,goo.gl
363,Nicholas,Ortiz,nortiza2@disqus.com,Male,225.250.77.108,$43.80,$311.24,sohu.com
364,Jesse,Harper,jharpera3@yellowpages.com,Male,236.16.121.121,$12.32,$403.52,cnet.com
365,Clarence,Thomas,cthomasa4@yelp.com,Male,144.155.13.214,$77.11,$906.86,stumbleupon.com
366,Michelle,Stanley,mstanleya5@mail.ru,Female,167.37.244.94,$96.96,$581.75,accuweather.com
367,Kenneth,Wheeler,kwheelera6@nyu.edu,Male,189.43.25.221,$32.95,$465.72,biglobe.ne.jp
368,Edward,Peterson,epetersona7@parallels.com,Male,200.87.143.158,$39.11,$459.29,behance.net
369,Sara,Henderson,shendersona8@europa.eu,Female,122.138.34.68,$92.57,$674.31,friendfeed.com
370,Carolyn,Carr,ccarra9@joomla.org,Female,201.191.60.45,$62.59,$863.76,wsj.com
371,Juan,Henderson,jhendersonaa@examiner.com,Male,139.217.233.85,$92.23,$953.58,pcworld.com
372,Judy,Morgan,jmorganab@bbb.org,Female,96.255.218.16,$29.11,$402.65,cbc.ca
373,Emily,Ortiz,eortizac@answers.com,Female,203.63.20.181,$36.63,$173.22,stanford.edu
374,Sarah,Ross,srossad@wordpress.com,Female,84.165.101.178,$22.86,$758.77,cbc.ca
375,Benjamin,Lawrence,blawrenceae@msu.edu,Male,255.148.172.75,$44.94,$873.36,msu.edu
376,Michael,Stevens,mstevensaf@spiegel.de,Male,70.101.252.43,$19.11,$308.81,twitter.com
377,Andrew,Berry,aberryag@ftc.gov,Male,234.157.219.132,$42.72,$210.91,loc.gov
378,Joan,Hughes,jhughesah@xinhuanet.com,Female,69.33.97.37,$27.77,$320.24,flavors.me
379,Tammy,Butler,tbutlerai@shop-pro.jp,Female,57.157.63.197,$84.89,$680.82,bbb.org
380,Julie,Willis,jwillisaj@sciencedaily.com,Female,5.165.243.219,$17.31,$678.74,dagondesign.com
381,Mildred,Romero,mromeroak@google.cn,Female,95.221.54.157,$87.18,$730.14,ibm.com
382,Brandon,Stevens,bstevensal@google.pl,Male,251.74.156.192,$80.35,$565.67,list-manage.com
383,Russell,Collins,rcollinsam@comsenz.com,Male,168.83.63.93,$61.35,$846.26,senate.gov
384,Charles,Dean,cdeanan@pcworld.com,Male,18.29.173.176,$76.24,$992.84,hhs.gov
385,Victor,Franklin,vfranklinao@dion.ne.jp,Male,238.42.80.205,$35.42,$961.34,fda.gov
386,Chris,Baker,cbakerap@purevolume.com,Male,181.82.52.0,$66.13,$646.44,scientificamerican.com
387,Jessica,Wright,jwrightaq@ibm.com,Female,233.193.117.173,$46.72,$397.49,furl.net
388,Tina,Mason,tmasonar@multiply.com,Female,124.162.222.172,$10.76,$480.69,slate.com
389,Mildred,Adams,madamsas@statcounter.com,Female,67.156.130.157,$81.12,$513.62,globo.com
390,Russell,Morris,rmorrisat@ebay.com,Male,183.95.189.64,$52.84,$693.97,msn.com
391,Harry,Smith,hsmithau@who.int,Male,112.85.178.14,$27.11,$769.23,rambler.ru
392,Adam,Collins,acollinsav@deliciousdays.com,Male,204.78.250.147,$17.86,$954.30,miibeian.gov.cn
393,Walter,Ray,wrayaw@sphinn.com,Male,167.21.207.174,$72.71,$956.64,shinystat.com
394,Jane,Hill,jhillax@whitehouse.gov,Female,217.55.127.233,$26.88,$470.06,utexas.edu
395,Cynthia,Stevens,cstevensay@flavors.me,Female,133.52.101.216,$76.19,$465.84,deviantart.com
396,Frank,Hanson,fhansonaz@wiley.com,Male,183.81.125.19,$20.76,$831.37,arstechnica.com
397,Martin,Rose,mroseb0@accuweather.com,Male,4.99.99.3,$35.41,$777.79,samsung.com
398,Amy,Smith,asmithb1@craigslist.org,Female,57.244.162.142,$82.45,$673.56,yale.edu
399,Paula,Garrett,pgarrettb2@nymag.com,Female,81.180.187.159,$52.25,$558.42,altervista.org
400,Diana,Morgan,dmorganb3@wikispaces.com,Female,126.153.242.17,$61.48,$560.45,yahoo.co.jp
401,Mildred,Banks,mbanksb4@jigsy.com,Female,215.149.212.13,$85.83,$930.68,amazon.de
402,Maria,Rice,mriceb5@vistaprint.com,Female,41.71.48.176,$19.88,$356.38,telegraph.co.uk
403,Sharon,Carroll,scarrollb6@latimes.com,Female,206.170.54.110,$36.68,$263.11,sakura.ne.jp
404,Ann,Lee,aleeb7@whitehouse.gov,Female,197.99.253.151,$87.20,$243.35,bbb.org
405,Clarence,Daniels,cdanielsb8@hugedomains.com,Male,209.249.155.40,$94.36,$345.93,nasa.gov
406,Julie,Henry,jhenryb9@friendfeed.com,Female,165.155.170.197,$23.65,$525.59,goo.gl
407,Christine,Medina,cmedinaba@addthis.com,Female,171.197.50.135,$24.23,$836.13,weather.com
408,Jimmy,Ray,jraybb@state.gov,Male,207.251.195.236,$85.18,$662.92,issuu.com
409,Keith,Cook,kcookbc@statcounter.com,Male,13.236.225.172,$76.60,$652.49,europa.eu
410,Sandra,Jackson,sjacksonbd@slashdot.org,Female,126.112.234.181,$38.19,$345.96,auda.org.au
411,Henry,Morrison,hmorrisonbe@lycos.com,Male,226.61.90.71,$19.90,$743.27,shutterfly.com
412,Lillian,Willis,lwillisbf@wix.com,Female,88.12.250.238,$70.80,$389.46,icq.com
413,Harold,Brooks,hbrooksbg@howstuffworks.com,Male,81.45.49.178,$89.33,$882.58,smugmug.com
414,Edward,Hawkins,ehawkinsbh@webs.com,Male,80.85.215.101,$10.81,$254.61,theguardian.com
415,Melissa,Woods,mwoodsbi@printfriendly.com,Female,143.140.2.252,$44.40,$548.61,statcounter.com
416,Gregory,Cook,gcookbj@themeforest.net,Male,174.208.174.150,$84.37,$437.38,cpanel.net
417,Larry,Chavez,lchavezbk@youtu.be,Male,33.119.71.59,$65.22,$582.23,irs.gov
418,Donna,Brooks,dbrooksbl@webs.com,Female,56.71.186.71,$20.50,$408.68,marriott.com
419,Debra,Wilson,dwilsonbm@wordpress.com,Female,196.85.6.78,$15.06,$764.50,phoca.cz
420,Patricia,Young,pyoungbn@about.me,Female,228.239.153.60,$47.73,$181.82,studiopress.com
421,Edward,Stevens,estevensbo@dion.ne.jp,Male,205.218.235.123,$22.65,$981.47,ycombinator.com
422,Keith,Williamson,kwilliamsonbp@purevolume.com,Male,1.204.53.3,$42.55,$756.44,freewebs.com
423,Virginia,Jones,vjonesbq@nyu.edu,Female,210.175.66.57,$10.47,$684.13,google.pl
424,Rachel,Webb,rwebbbr@apache.org,Female,196.152.208.116,$21.29,$713.81,webs.com
425,Julia,Mendoza,jmendozabs@prweb.com,Female,239.142.230.217,$39.61,$674.08,smh.com.au
426,Jacqueline,Rivera,jriverabt@amazon.co.uk,Female,160.100.67.157,$97.22,$683.42,so-net.ne.jp
427,Ryan,Campbell,rcampbellbu@devhub.com,Male,38.1.162.136,$93.52,$262.64,nbcnews.com
428,Deborah,Griffin,dgriffinbv@plala.or.jp,Female,83.204.22.4,$40.28,$966.38,google.ru
429,Joshua,Lewis,jlewisbw@scribd.com,Male,185.144.174.11,$48.23,$874.06,un.org
430,Jacqueline,Berry,jberrybx@seesaa.net,Female,167.160.214.103,$28.14,$495.46,mashable.com
431,Mary,Watkins,mwatkinsby@indiegogo.com,Female,59.132.185.45,$12.08,$411.04,patch.com
432,Arthur,Stevens,astevensbz@deliciousdays.com,Male,177.79.182.175,$21.42,$807.87,ning.com
433,Arthur,Sullivan,asullivanc0@discuz.net,Male,94.127.117.116,$63.81,$866.51,cisco.com
434,Louise,Ross,lrossc1@mapy.cz,Female,198.28.152.59,$25.39,$152.72,hostgator.com
435,Alan,Garrett,agarrettc2@ihg.com,Male,106.72.78.61,$54.69,$488.53,mail.ru
436,Matthew,Elliott,melliottc3@slashdot.org,Male,212.211.234.110,$21.17,$836.65,cbslocal.com
437,Earl,Gordon,egordonc4@moonfruit.com,Male,53.132.218.159,$86.54,$389.16,addthis.com
438,Martha,Anderson,mandersonc5@weibo.com,Female,65.222.125.247,$14.99,$811.58,google.fr
439,Brenda,Lawrence,blawrencec6@paginegialle.it,Female,235.88.250.98,$89.05,$602.63,naver.com
440,Randy,King,rkingc7@bluehost.com,Male,179.186.255.222,$15.55,$997.52,usgs.gov
441,Anna,Garrett,agarrettc8@devhub.com,Female,245.96.143.185,$73.26,$797.44,yandex.ru
442,Charles,Watkins,cwatkinsc9@unc.edu,Male,91.115.253.162,$69.27,$242.14,xinhuanet.com
443,Julia,Franklin,jfranklinca@techcrunch.com,Female,240.65.123.97,$48.23,$336.82,epa.gov
444,Ashley,Andrews,aandrewscb@woothemes.com,Female,109.175.14.62,$18.78,$197.75,wikipedia.org
445,Ruby,Fowler,rfowlercc@ehow.com,Female,130.23.173.240,$81.63,$578.71,ehow.com
446,Joyce,Stephens,jstephenscd@1688.com,Female,39.7.117.71,$15.30,$663.79,zdnet.com
447,Todd,Wright,twrightce@census.gov,Male,182.55.81.187,$71.70,$870.91,1688.com
448,Todd,Frazier,tfraziercf@multiply.com,Male,3.99.102.135,$74.56,$506.96,edublogs.org
449,Kelly,Wheeler,kwheelercg@weather.com,Female,173.103.89.6,$70.42,$809.26,hostgator.com
450,Tammy,Evans,tevansch@nydailynews.com,Female,153.146.141.248,$13.86,$257.99,comcast.net
451,Kathy,Stanley,kstanleyci@wix.com,Female,25.24.137.81,$18.81,$305.32,wikimedia.org
452,Robin,Graham,rgrahamcj@myspace.com,Female,180.213.67.124,$50.86,$990.85,indiegogo.com
453,Sara,Vasquez,svasquezck@squidoo.com,Female,10.197.52.169,$55.55,$684.50,woothemes.com
454,Helen,Stevens,hstevenscl@deliciousdays.com,Female,99.196.255.27,$13.66,$877.24,discuz.net
455,Gerald,Ramos,gramoscm@narod.ru,Male,226.231.254.203,$47.63,$195.43,amazonaws.com
456,Susan,Wilson,swilsoncn@nymag.com,Female,109.143.211.121,$46.50,$230.64,wp.com
457,Jimmy,Anderson,jandersonco@jimdo.com,Male,218.130.240.71,$55.17,$379.88,google.es
458,Frank,Jenkins,fjenkinscp@xinhuanet.com,Male,50.19.46.163,$15.72,$840.79,vkontakte.ru
459,Ralph,Jordan,rjordancq@t.co,Male,123.40.158.195,$67.74,$342.28,hp.com
460,Theresa,Robertson,trobertsoncr@creativecommons.org,Female,198.69.139.93,$20.58,$749.03,mac.com
461,Deborah,Adams,dadamscs@sbwire.com,Female,93.54.100.240,$22.09,$576.45,census.gov
462,Adam,Brooks,abrooksct@cbc.ca,Male,51.50.124.231,$50.40,$272.36,theguardian.com
463,Kathryn,Reed,kreedcu@weibo.com,Female,76.64.52.239,$99.73,$907.69,hatena.ne.jp
464,Steve,Bell,sbellcv@woothemes.com,Male,180.238.115.63,$46.18,$388.39,thetimes.co.uk
465,Raymond,Roberts,rrobertscw@imageshack.us,Male,195.1.178.39,$19.93,$600.60,addthis.com
466,Jimmy,Evans,jevanscx@ask.com,Male,28.204.39.177,$41.74,$607.80,fema.gov
467,Debra,Adams,dadamscy@live.com,Female,92.13.216.173,$77.53,$267.05,booking.com
468,Johnny,Hamilton,jhamiltoncz@cyberchimps.com,Male,18.240.121.63,$76.83,$399.08,hostgator.com
469,Judith,Morris,jmorrisd0@nasa.gov,Female,99.197.49.230,$85.15,$162.25,eventbrite.com
470,Sarah,Elliott,selliottd1@github.io,Female,247.155.175.116,$58.87,$653.51,soundcloud.com
471,Michael,Cooper,mcooperd2@hostgator.com,Male,45.119.81.48,$23.57,$676.60,addthis.com
472,Ann,Collins,acollinsd3@behance.net,Female,74.33.199.218,$39.54,$917.70,eepurl.com
473,Karen,Hicks,khicksd4@hao123.com,Female,158.154.40.71,$52.93,$332.48,bizjournals.com
474,Eugene,Gomez,egomezd5@mlb.com,Male,68.71.135.21,$44.34,$481.08,reverbnation.com
475,Jonathan,Morales,jmoralesd6@princeton.edu,Male,146.232.155.181,$48.08,$329.70,comsenz.com
476,Jacqueline,Knight,jknightd7@webs.com,Female,217.0.90.102,$87.17,$532.27,amazon.de
477,Patrick,Washington,pwashingtond8@seattletimes.com,Male,171.42.26.181,$62.77,$538.85,google.ru
478,Gerald,Adams,gadamsd9@seesaa.net,Male,5.135.61.126,$44.48,$849.34,weather.com
479,Paula,Gardner,pgardnerda@mit.edu,Female,253.190.241.208,$60.70,$552.67,posterous.com
480,Aaron,Wright,awrightdb@pinterest.com,Male,12.144.69.235,$95.91,$554.86,dailymotion.com
481,Ryan,Ortiz,rortizdc@eepurl.com,Male,99.86.124.233,$42.16,$190.03,hexun.com
482,Matthew,Walker,mwalkerdd@topsy.com,Male,77.44.107.224,$36.28,$580.52,live.com
483,Alan,Butler,abutlerde@ocn.ne.jp,Male,227.32.98.112,$70.43,$683.70,ocn.ne.jp
484,Raymond,Wood,rwooddf@netscape.com,Male,162.218.39.233,$43.28,$878.55,ft.com
485,Harold,Knight,hknightdg@webmd.com,Male,123.42.202.170,$88.82,$765.93,yahoo.co.jp
486,Debra,Kennedy,dkennedydh@is.gd,Female,10.128.170.154,$69.47,$672.76,phpbb.com
487,Ruby,George,rgeorgedi@businessweek.com,Female,168.78.4.61,$83.50,$973.16,purevolume.com
488,Lawrence,Hunter,lhunterdj@auda.org.au,Male,25.242.59.40,$87.44,$483.55,latimes.com
489,Michelle,Cooper,mcooperdk@ca.gov,Female,168.223.77.240,$77.25,$597.44,studiopress.com
490,Carolyn,Reed,creeddl@theglobeandmail.com,Female,92.90.134.125,$19.44,$694.73,google.co.jp
491,Michelle,Little,mlittledm@vinaora.com,Female,191.102.104.184,$24.82,$993.47,example.com
492,Virginia,Coleman,vcolemandn@narod.ru,Female,219.128.151.60,$51.25,$310.36,clickbank.net
493,Joyce,Watkins,jwatkinsdo@ftc.gov,Female,48.247.218.151,$68.58,$749.71,technorati.com
494,Paula,Morrison,pmorrisondp@lycos.com,Female,35.238.222.202,$89.18,$358.90,usgs.gov
495,Benjamin,Baker,bbakerdq@home.pl,Male,61.157.198.8,$32.75,$224.34,redcross.org
496,Kelly,Tucker,ktuckerdr@wikimedia.org,Female,157.29.114.194,$64.17,$302.57,tripod.com
497,Terry,Gomez,tgomezds@uol.com.br,Male,163.18.57.209,$83.32,$184.45,si.edu
498,Lillian,Alexander,lalexanderdt@jimdo.com,Female,36.107.175.69,$66.61,$651.33,earthlink.net
499,Eugene,Hernandez,ehernandezdu@deviantart.com,Male,164.65.36.21,$65.10,$760.11,newsvine.com
500,Paula,Hudson,phudsondv@uiuc.edu,Female,71.7.179.226,$91.78,$664.75,nymag.com
501,Jack,Harper,jharperdw@youku.com,Male,181.16.95.96,$79.88,$523.59,geocities.jp
502,Beverly,Gray,bgraydx@wikia.com,Female,52.122.73.98,$28.09,$650.42,posterous.com
503,Irene,Roberts,irobertsdy@example.com,Female,18.188.168.198,$98.82,$589.44,aboutads.info
504,Wanda,Hernandez,whernandezdz@baidu.com,Female,158.80.104.4,$30.12,$650.53,engadget.com
505,Jane,Russell,jrusselle0@myspace.com,Female,23.11.120.82,$65.77,$982.34,sfgate.com
506,Ralph,Bennett,rbennette1@ezinearticles.com,Male,18.219.208.60,$23.20,$367.84,nps.gov
507,Charles,Flores,cflorese2@businessinsider.com,Male,151.207.246.139,$74.33,$155.96,bluehost.com
508,Cheryl,Miller,cmillere3@wiley.com,Female,232.136.41.4,$55.62,$387.21,diigo.com
509,Daniel,Banks,dbankse4@chronoengine.com,Male,164.82.228.3,$30.68,$523.90,paginegialle.it
510,Carl,Wells,cwellse5@so-net.ne.jp,Male,14.119.230.82,$20.44,$992.60,yellowpages.com
511,Charles,Peters,cpeterse6@buzzfeed.com,Male,30.39.198.129,$61.25,$712.73,wunderground.com
512,Dennis,Gonzales,dgonzalese7@ihg.com,Male,189.166.248.123,$56.90,$342.09,economist.com
513,Irene,Watson,iwatsone8@washingtonpost.com,Female,80.59.32.186,$83.87,$917.11,chicagotribune.com
514,Phillip,Chapman,pchapmane9@hibu.com,Male,15.150.77.185,$88.12,$256.95,yellowpages.com
515,Kathryn,Freeman,kfreemanea@sciencedirect.com,Female,20.25.117.34,$41.49,$201.04,independent.co.uk
516,Randy,Campbell,rcampbelleb@ocn.ne.jp,Male,167.136.18.15,$56.00,$779.30,dropbox.com
517,Phyllis,Garcia,pgarciaec@artisteer.com,Female,207.151.160.39,$44.56,$707.47,t-online.de
518,Rebecca,Gonzales,rgonzalesed@reuters.com,Female,247.43.38.87,$77.97,$449.89,tamu.edu
519,Patricia,Kelley,pkelleyee@miitbeian.gov.cn,Female,131.156.73.223,$17.52,$647.58,usatoday.com
520,Julia,Day,jdayef@issuu.com,Female,90.187.235.103,$89.68,$627.97,constantcontact.com
521,Gregory,Murray,gmurrayeg@stanford.edu,Male,87.214.40.229,$38.35,$908.68,nyu.edu
522,Michael,Johnson,mjohnsoneh@mediafire.com,Male,161.195.88.212,$87.14,$191.99,bravesites.com
523,Melissa,Moreno,mmorenoei@marketwatch.com,Female,66.39.110.128,$31.20,$617.40,hatena.ne.jp
524,Helen,King,hkingej@jimdo.com,Female,143.135.207.249,$13.97,$440.23,sohu.com
525,Lori,Oliver,loliverek@vimeo.com,Female,225.243.34.199,$77.30,$279.90,constantcontact.com
526,Andrew,Hart,ahartel@twitter.com,Male,70.127.127.118,$63.12,$686.06,surveymonkey.com
527,Richard,Lewis,rlewisem@slashdot.org,Male,83.176.175.15,$98.70,$482.86,upenn.edu
528,Julia,Jenkins,jjenkinsen@bloglines.com,Female,92.70.138.98,$69.44,$713.04,chronoengine.com
529,Stephanie,Lawson,slawsoneo@state.gov,Female,86.160.115.94,$10.56,$339.74,who.int
530,Charles,Riley,crileyep@soundcloud.com,Male,105.18.22.125,$74.69,$361.05,upenn.edu
531,Maria,Parker,mparkereq@1688.com,Female,4.40.145.2,$79.06,$216.05,ocn.ne.jp
532,Carl,Dunn,cdunner@desdev.cn,Male,227.205.165.130,$32.77,$875.93,ovh.net
533,Joshua,Alexander,jalexanderes@jigsy.com,Male,232.46.54.26,$70.34,$291.59,eventbrite.com
534,Tina,Young,tyounget@marriott.com,Female,229.13.202.244,$74.15,$857.79,baidu.com
535,Justin,Berry,jberryeu@gizmodo.com,Male,159.234.39.59,$16.42,$218.82,illinois.edu
536,Nicole,Schmidt,nschmidtev@amazonaws.com,Female,164.252.83.56,$77.09,$930.16,histats.com
537,Catherine,James,cjamesew@buzzfeed.com,Female,249.122.120.123,$62.89,$652.70,msu.edu
538,Peter,Lynch,plynchex@blogger.com,Male,212.41.147.174,$77.54,$266.48,paypal.com
539,Jacqueline,Gilbert,jgilbertey@zdnet.com,Female,55.237.252.68,$40.46,$852.62,businessinsider.com
540,Todd,Sims,tsimsez@cnbc.com,Male,19.25.71.49,$32.20,$685.42,cdc.gov
541,Chris,Sanders,csandersf0@cnbc.com,Male,61.36.209.19,$93.74,$802.02,soundcloud.com
542,Cheryl,Sullivan,csullivanf1@about.me,Female,30.92.49.189,$52.30,$792.24,microsoft.com
543,Matthew,Wood,mwoodf2@aboutads.info,Male,63.54.90.84,$99.02,$257.32,goodreads.com
544,Jose,Gonzales,jgonzalesf3@mtv.com,Male,94.88.105.33,$95.23,$981.57,cnbc.com
545,Jeffrey,Gardner,jgardnerf4@goo.gl,Male,41.237.1.148,$15.50,$378.66,stanford.edu
546,Kathleen,Turner,kturnerf5@hibu.com,Female,137.165.178.75,$20.57,$953.52,51.la
547,Keith,King,kkingf6@networkadvertising.org,Male,174.103.68.175,$67.99,$587.93,about.com
548,Rebecca,Payne,rpaynef7@smh.com.au,Female,82.77.15.116,$54.72,$923.48,google.com.au
549,Jason,Hamilton,jhamiltonf8@kickstarter.com,Male,19.77.177.74,$31.36,$459.71,wunderground.com
550,Anna,Davis,adavisf9@addtoany.com,Female,133.96.2.221,$42.84,$334.81,telegraph.co.uk
551,Kelly,Russell,krussellfa@census.gov,Female,56.30.157.135,$33.61,$604.38,ning.com
552,Alan,Franklin,afranklinfb@chicagotribune.com,Male,70.78.161.109,$45.84,$968.64,fc2.com
553,Patricia,Nichols,pnicholsfc@about.com,Female,245.23.98.214,$33.73,$919.64,zdnet.com
554,Sean,White,swhitefd@desdev.cn,Male,121.146.138.174,$46.81,$414.84,ibm.com
555,Anthony,Stevens,astevensfe@last.fm,Male,65.221.109.188,$37.28,$795.81,dailymotion.com
556,Michael,Wagner,mwagnerff@nba.com,Male,175.207.187.164,$30.48,$561.93,cbslocal.com
557,Roger,Hernandez,rhernandezfg@gov.uk,Male,44.50.36.179,$96.49,$542.69,jugem.jp
558,Carl,Foster,cfosterfh@statcounter.com,Male,42.62.66.104,$71.83,$432.55,xrea.com
559,Irene,Russell,irussellfi@rambler.ru,Female,70.118.51.253,$45.99,$523.75,imdb.com
560,Mark,Henderson,mhendersonfj@godaddy.com,Male,33.62.20.141,$34.80,$529.49,epa.gov
561,Amanda,Rogers,arogersfk@infoseek.co.jp,Female,111.150.179.69,$97.58,$657.34,oaic.gov.au
562,Benjamin,Lopez,blopezfl@europa.eu,Male,76.56.252.59,$23.45,$939.19,google.cn
563,Christine,Evans,cevansfm@flickr.com,Female,233.242.251.191,$66.92,$427.08,list-manage.com
564,Jane,Hughes,jhughesfn@slashdot.org,Female,135.34.219.224,$36.72,$322.87,unesco.org
565,Carlos,Wood,cwoodfo@dot.gov,Male,93.180.116.108,$74.24,$839.64,vkontakte.ru
566,Eric,Carr,ecarrfp@about.com,Male,196.158.168.99,$81.64,$530.41,bloomberg.com
567,Jean,Boyd,jboydfq@constantcontact.com,Female,189.220.45.90,$59.84,$638.24,state.gov
568,Maria,Bennett,mbennettfr@apache.org,Female,186.113.106.182,$25.82,$537.98,google.com.br
569,Julie,Larson,jlarsonfs@cnbc.com,Female,82.6.52.130,$14.81,$393.08,va.gov
570,Roger,Lopez,rlopezft@hao123.com,Male,252.229.104.153,$31.03,$395.35,google.fr
571,Helen,Carr,hcarrfu@netvibes.com,Female,10.238.186.213,$64.45,$431.68,behance.net
572,Alice,Nguyen,anguyenfv@gravatar.com,Female,96.239.206.196,$34.97,$598.91,networkadvertising.org
573,Mark,Perez,mperezfw@usatoday.com,Male,169.158.65.184,$93.83,$765.09,intel.com
574,Michelle,Flores,mfloresfx@arizona.edu,Female,195.41.122.228,$58.04,$778.96,accuweather.com
575,Joan,Nichols,jnicholsfy@aboutads.info,Female,124.79.149.217,$11.64,$276.67,g.co
576,Scott,Gibson,sgibsonfz@i2i.jp,Male,54.110.142.213,$27.79,$571.10,e-recht24.de
577,Harold,Cole,hcoleg0@google.com.br,Male,254.50.239.194,$15.11,$831.21,cisco.com
578,Brandon,Lawson,blawsong1@nhs.uk,Male,233.148.167.149,$43.83,$979.93,acquirethisname.com
579,Ruth,Morris,rmorrisg2@newsvine.com,Female,116.191.250.153,$26.84,$878.88,wired.com
580,Gerald,Porter,gporterg3@soundcloud.com,Male,26.97.114.191,$20.65,$217.21,patch.com
581,Mildred,Austin,mausting4@flickr.com,Female,78.166.100.22,$39.25,$392.02,flavors.me
582,Joseph,Ryan,jryang5@furl.net,Male,156.34.120.22,$12.16,$952.42,jalbum.net
583,Jesse,Bell,jbellg6@google.com.au,Male,191.150.245.69,$21.52,$240.52,tumblr.com
584,Richard,Howard,rhowardg7@irs.gov,Male,185.67.167.118,$30.64,$284.32,pcworld.com
585,Mildred,Shaw,mshawg8@histats.com,Female,168.199.65.249,$71.30,$661.08,blog.com
586,Keith,Hart,khartg9@google.it,Male,199.54.14.240,$13.09,$842.78,yahoo.com
587,Juan,Austin,jaustinga@php.net,Male,5.66.198.239,$65.45,$236.85,huffingtonpost.com
588,Paula,Brooks,pbrooksgb@about.me,Female,126.215.175.14,$15.78,$225.19,issuu.com
589,Billy,Bell,bbellgc@goodreads.com,Male,101.92.144.197,$76.39,$300.04,nyu.edu
590,Kenneth,Sullivan,ksullivangd@eventbrite.com,Male,181.80.141.6,$37.93,$495.31,zdnet.com
591,Marilyn,Patterson,mpattersonge@flickr.com,Female,151.106.21.137,$37.95,$353.10,mapquest.com
592,Daniel,Ortiz,dortizgf@reference.com,Male,134.116.157.69,$28.20,$769.33,un.org
593,Chris,Willis,cwillisgg@newyorker.com,Male,31.44.230.95,$90.55,$853.17,illinois.edu
594,Wayne,Allen,wallengh@google.co.uk,Male,87.220.43.116,$20.57,$445.80,tamu.edu
595,Janet,Green,jgreengi@webeden.co.uk,Female,141.201.171.178,$57.69,$705.36,army.mil
596,Howard,Edwards,hedwardsgj@blog.com,Male,197.185.158.143,$91.19,$871.91,hexun.com
597,Joshua,Diaz,jdiazgk@msu.edu,Male,92.242.233.9,$88.52,$402.36,xinhuanet.com
598,Anne,Hamilton,ahamiltongl@about.com,Female,93.19.172.1,$96.25,$166.20,mtv.com
599,Johnny,James,jjamesgm@tripod.com,Male,196.241.184.63,$15.19,$350.87,prweb.com
600,Alan,Harvey,aharveygn@yellowpages.com,Male,64.101.28.89,$20.89,$283.87,biglobe.ne.jp
601,Fred,Campbell,fcampbellgo@webeden.co.uk,Male,45.231.85.169,$68.43,$354.30,nationalgeographic.com
602,Steven,Wagner,swagnergp@ovh.net,Male,64.82.207.94,$94.59,$961.51,wordpress.org
603,Harold,Washington,hwashingtongq@dyndns.org,Male,70.189.213.126,$14.22,$288.04,elegantthemes.com
604,Julie,Harvey,jharveygr@ask.com,Female,211.157.246.253,$58.84,$165.55,tinyurl.com
605,Clarence,Henry,chenrygs@xrea.com,Male,248.18.24.240,$39.08,$754.51,eventbrite.com
606,Paul,Morris,pmorrisgt@vkontakte.ru,Male,144.235.243.78,$36.32,$696.21,360.cn
607,Melissa,Thomas,mthomasgu@ycombinator.com,Female,17.213.106.144,$92.36,$351.77,go.com
608,Joseph,Boyd,jboydgv@yahoo.com,Male,53.27.158.19,$82.23,$183.99,mapquest.com
609,Elizabeth,Willis,ewillisgw@umich.edu,Female,164.152.114.203,$62.63,$551.74,redcross.org
610,Tina,Harper,tharpergx@mtv.com,Female,110.238.28.60,$88.45,$938.16,mozilla.com
611,Jimmy,Martin,jmartingy@narod.ru,Male,93.239.247.69,$16.04,$373.47,yandex.ru
612,Michael,Rivera,mriveragz@live.com,Male,162.142.78.66,$55.72,$779.82,wikipedia.org
613,Mildred,Kim,mkimh0@oracle.com,Female,192.248.220.30,$46.36,$715.32,telegraph.co.uk
614,Joan,Powell,jpowellh1@lulu.com,Female,23.110.91.234,$26.94,$375.62,jimdo.com
615,Ronald,Lopez,rlopezh2@dmoz.org,Male,148.56.13.118,$94.62,$584.44,sakura.ne.jp
616,Samuel,Mcdonald,smcdonaldh3@vk.com,Male,124.117.34.155,$77.43,$401.86,blogger.com
617,Charles,Mcdonald,cmcdonaldh4@nyu.edu,Male,23.98.148.237,$68.29,$282.00,google.ru
618,Roy,Burke,rburkeh5@netlog.com,Male,213.213.187.153,$19.62,$856.37,slate.com
619,Julia,Cruz,jcruzh6@wordpress.org,Female,140.216.71.232,$20.58,$613.06,adobe.com
620,Christina,Allen,callenh7@so-net.ne.jp,Female,54.151.6.236,$56.93,$927.32,topsy.com
621,Paul,Williams,pwilliamsh8@epa.gov,Male,105.163.71.14,$14.07,$877.94,indiatimes.com
622,Cheryl,Day,cdayh9@netvibes.com,Female,2.201.197.0,$93.27,$282.11,google.com.br
623,Diana,Walker,dwalkerha@creativecommons.org,Female,42.58.58.128,$46.51,$545.73,latimes.com
624,Russell,Berry,rberryhb@craigslist.org,Male,193.80.70.185,$81.18,$620.04,wisc.edu
625,Joseph,Flores,jfloreshc@yahoo.com,Male,33.173.181.13,$13.28,$981.65,ihg.com
626,Tammy,Washington,twashingtonhd@bloomberg.com,Female,199.223.153.129,$25.34,$619.71,topsy.com
627,Jose,Banks,jbankshe@nifty.com,Male,5.189.47.54,$48.99,$405.53,google.ca
628,Rose,Bishop,rbishophf@columbia.edu,Female,42.26.33.144,$46.41,$891.54,mail.ru
629,Sara,Johnston,sjohnstonhg@unc.edu,Female,148.54.78.161,$27.93,$552.34,163.com
630,Kenneth,Cruz,kcruzhh@about.com,Male,128.233.81.102,$22.91,$863.68,fastcompany.com
631,Jack,Williams,jwilliamshi@dropbox.com,Male,133.131.116.84,$74.79,$953.11,gmpg.org
632,Mary,Fuller,mfullerhj@lulu.com,Female,65.149.209.118,$34.07,$863.05,nytimes.com
633,Samuel,Hill,shillhk@cnet.com,Male,181.85.227.154,$92.74,$708.98,tuttocitta.it
634,George,Lopez,glopezhl@huffingtonpost.com,Male,147.193.39.242,$99.50,$688.82,ucla.edu
635,Jane,Rivera,jriverahm@irs.gov,Female,1.44.79.5,$52.07,$830.17,taobao.com
636,Elizabeth,Baker,ebakerhn@uol.com.br,Female,180.54.78.190,$55.78,$302.64,state.gov
637,Kathleen,Brooks,kbrooksho@disqus.com,Female,185.31.157.55,$86.23,$369.94,dailymotion.com
638,Edward,Sullivan,esullivanhp@topsy.com,Male,100.152.196.188,$83.12,$848.71,google.co.uk
639,Steven,Walker,swalkerhq@google.ca,Male,7.247.228.226,$91.83,$838.46,yellowpages.com
640,Sarah,Fernandez,sfernandezhr@un.org,Female,27.6.3.112,$98.38,$509.29,sogou.com
641,Rose,Rivera,rriverahs@cmu.edu,Female,156.249.251.95,$92.52,$475.26,studiopress.com
642,Bobby,Hunter,bhunterht@qq.com,Male,145.81.228.51,$39.08,$204.16,washingtonpost.com
643,Howard,Arnold,harnoldhu@topsy.com,Male,152.6.166.47,$35.90,$736.16,dot.gov
644,Steven,Oliver,soliverhv@mayoclinic.com,Male,5.82.55.60,$74.76,$326.71,jigsy.com
645,Judy,Rose,jrosehw@yahoo.com,Female,25.3.66.53,$71.73,$305.37,ebay.co.uk
646,Linda,Gonzales,lgonzaleshx@jiathis.com,Female,49.91.74.247,$11.41,$674.75,mit.edu
647,Jean,Washington,jwashingtonhy@rambler.ru,Female,47.138.234.232,$48.63,$352.24,mit.edu
648,Henry,Price,hpricehz@businesswire.com,Male,92.200.83.218,$63.79,$851.14,domainmarket.com
649,Andrew,Wright,awrighti0@zdnet.com,Male,25.238.65.45,$94.16,$810.38,comsenz.com
650,Jason,Andrews,jandrewsi1@cdbaby.com,Male,76.212.102.72,$59.48,$992.09,etsy.com
651,Judy,Ramirez,jramirezi2@chron.com,Female,194.38.235.76,$36.58,$982.05,yelp.com
652,Matthew,Perez,mperezi3@github.io,Male,196.79.169.184,$74.26,$848.28,flavors.me
653,Christopher,Cooper,ccooperi4@ycombinator.com,Male,219.243.230.120,$59.28,$354.75,webeden.co.uk
654,Judith,Hawkins,jhawkinsi5@networkadvertising.org,Female,84.88.72.56,$11.14,$916.14,xrea.com
655,Todd,Reid,treidi6@nhs.uk,Male,115.219.108.218,$70.18,$284.11,dion.ne.jp
656,Nicole,Smith,nsmithi7@sfgate.com,Female,18.104.137.2,$20.81,$349.51,wikipedia.org
657,Karen,Hughes,khughesi8@weather.com,Female,232.165.69.9,$18.14,$632.30,nbcnews.com
658,Benjamin,Ramos,bramosi9@wix.com,Male,251.241.5.12,$58.62,$258.87,prweb.com
659,Philip,Simmons,psimmonsia@sciencedaily.com,Male,25.84.41.228,$51.69,$915.07,cnet.com
660,Alice,Brooks,abrooksib@constantcontact.com,Female,220.221.80.113,$16.48,$734.49,ucla.edu
661,Anna,Gomez,agomezic@uol.com.br,Female,137.137.59.100,$94.51,$213.97,usgs.gov
662,Beverly,Richards,brichardsid@reference.com,Female,89.100.161.54,$18.77,$793.32,omniture.com
663,Tina,Perry,tperryie@themeforest.net,Female,23.235.226.115,$36.79,$629.24,abc.net.au
664,Chris,Ford,cfordif@cargocollective.com,Male,119.138.121.168,$24.26,$424.99,patch.com
665,Julia,Kelley,jkelleyig@youtube.com,Female,68.60.219.90,$91.40,$578.70,miibeian.gov.cn
666,Joshua,Johnston,jjohnstonih@cbsnews.com,Male,235.98.47.200,$68.16,$457.36,nba.com
667,Betty,Ryan,bryanii@thetimes.co.uk,Female,244.83.103.185,$61.41,$975.71,wsj.com
668,Jessica,Mills,jmillsij@ucla.edu,Female,192.111.61.189,$38.53,$267.85,liveinternet.ru
669,Thomas,Banks,tbanksik@pcworld.com,Male,214.72.110.179,$13.37,$561.53,aboutads.info
670,Amanda,Scott,ascottil@nps.gov,Female,215.31.230.142,$58.46,$338.31,google.fr
671,Mary,Reynolds,mreynoldsim@exblog.jp,Female,255.177.33.108,$83.43,$868.88,irs.gov
672,Lori,Gardner,lgardnerin@etsy.com,Female,171.140.114.42,$28.65,$753.30,sciencedirect.com
673,Frank,Kennedy,fkennedyio@businessinsider.com,Male,111.242.112.68,$10.28,$873.23,auda.org.au
674,Joyce,Harrison,jharrisonip@umich.edu,Female,58.130.56.19,$63.62,$251.82,ask.com
675,Raymond,Montgomery,rmontgomeryiq@ox.ac.uk,Male,183.230.233.231,$82.59,$692.46,mapquest.com
676,Judy,Bryant,jbryantir@dailymotion.com,Female,9.241.91.254,$17.19,$240.35,bing.com
677,Billy,Ryan,bryanis@stanford.edu,Male,94.117.83.48,$62.18,$613.50,goo.ne.jp
678,Robin,Price,rpriceit@mit.edu,Female,90.22.103.38,$15.57,$537.17,moonfruit.com
679,Rose,Hart,rhartiu@nsw.gov.au,Female,175.86.134.190,$69.66,$659.34,mtv.com
680,Ernest,Gordon,egordoniv@eventbrite.com,Male,9.36.116.169,$45.37,$284.31,smugmug.com
681,Steven,Berry,sberryiw@dropbox.com,Male,136.93.42.233,$20.58,$955.64,live.com
682,Betty,Garcia,bgarciaix@google.it,Female,81.173.54.164,$40.31,$696.61,msu.edu
683,Ryan,Castillo,rcastilloiy@seesaa.net,Male,205.238.71.35,$57.39,$200.62,indiatimes.com
684,Cheryl,Kelly,ckellyiz@state.tx.us,Female,104.131.234.106,$32.77,$862.62,theglobeandmail.com
685,Victor,Gardner,vgardnerj0@ft.com,Male,183.95.109.57,$28.88,$223.20,jiathis.com
686,Jean,Black,jblackj1@forbes.com,Female,5.181.119.126,$41.56,$735.87,microsoft.com
687,Howard,Wagner,hwagnerj2@weibo.com,Male,239.31.172.155,$27.10,$373.68,delicious.com
688,Ernest,Coleman,ecolemanj3@paginegialle.it,Male,240.143.17.148,$62.38,$853.00,pinterest.com
689,Beverly,Crawford,bcrawfordj4@google.com.hk,Female,197.237.3.137,$18.63,$221.76,flickr.com
690,Thomas,Morris,tmorrisj5@xinhuanet.com,Male,190.204.110.152,$73.20,$646.58,pen.io
691,Linda,Woods,lwoodsj6@shop-pro.jp,Female,214.197.40.25,$11.86,$284.18,t.co
692,Richard,Foster,rfosterj7@yelp.com,Male,63.88.106.103,$36.28,$927.94,phpbb.com
693,Edward,Matthews,ematthewsj8@squarespace.com,Male,142.206.64.87,$16.21,$520.00,goodreads.com
694,Martin,Richardson,mrichardsonj9@skype.com,Male,175.48.54.164,$21.42,$622.69,reddit.com
695,Kathryn,Bennett,kbennettja@accuweather.com,Female,170.136.191.197,$49.56,$530.26,google.com.au
696,Wayne,Lee,wleejb@unc.edu,Male,82.87.177.25,$50.60,$504.74,ucla.edu
697,Brenda,Robertson,brobertsonjc@prlog.org,Female,127.78.16.73,$52.65,$376.19,newsvine.com
698,Melissa,Lawson,mlawsonjd@livejournal.com,Female,124.73.106.30,$27.21,$536.48,alexa.com
699,Carlos,Larson,clarsonje@unesco.org,Male,210.11.0.73,$96.85,$316.81,gravatar.com
700,Timothy,Hernandez,thernandezjf@friendfeed.com,Male,134.105.109.88,$34.31,$960.78,ed.gov
701,Anthony,Campbell,acampbelljg@bbb.org,Male,234.155.168.14,$37.08,$804.31,topsy.com
702,George,Chavez,gchavezjh@ed.gov,Male,142.20.88.107,$23.64,$970.20,skyrock.com
703,Michelle,Stephens,mstephensji@comcast.net,Female,15.234.237.5,$10.00,$265.23,jimdo.com
704,Donna,Hernandez,dhernandezjj@squidoo.com,Female,247.236.161.123,$69.15,$907.92,yahoo.co.jp
705,Eric,Lawrence,elawrencejk@merriam-webster.com,Male,40.69.101.168,$65.93,$572.53,examiner.com
706,Margaret,Diaz,mdiazjl@gmpg.org,Female,201.212.126.240,$90.65,$812.02,twitter.com
707,Janice,Ellis,jellisjm@dropbox.com,Female,182.167.17.211,$63.15,$453.63,fda.gov
708,William,Walker,wwalkerjn@ox.ac.uk,Male,244.182.241.71,$51.34,$710.67,1und1.de
709,Ann,Ray,arayjo@nationalgeographic.com,Female,92.106.69.150,$42.67,$627.53,wunderground.com
710,Cynthia,Coleman,ccolemanjp@oaic.gov.au,Female,207.96.173.249,$15.35,$297.46,merriam-webster.com
711,Heather,Hunt,hhuntjq@reuters.com,Female,113.234.4.15,$79.37,$615.82,yellowbook.com
712,Betty,Pierce,bpiercejr@shop-pro.jp,Female,179.159.29.170,$65.01,$689.50,wikipedia.org
713,Sara,Shaw,sshawjs@ca.gov,Female,204.188.145.88,$12.84,$680.79,indiegogo.com
714,Patricia,Stanley,pstanleyjt@cpanel.net,Female,35.216.190.33,$83.51,$820.98,noaa.gov
715,Kevin,Clark,kclarkju@prlog.org,Male,157.101.47.46,$32.91,$254.13,plala.or.jp
716,Kathryn,Cole,kcolejv@apache.org,Female,151.42.131.44,$33.14,$518.26,i2i.jp
717,Sandra,Hayes,shayesjw@tuttocitta.it,Female,53.63.67.162,$77.58,$247.31,ox.ac.uk
718,Clarence,Cole,ccolejx@hc360.com,Male,23.175.221.175,$47.10,$559.37,booking.com
719,Nicholas,Garcia,ngarciajy@wufoo.com,Male,97.9.180.186,$45.09,$757.62,imgur.com
720,Jeremy,Richards,jrichardsjz@free.fr,Male,149.161.18.237,$17.73,$781.97,ucsd.edu
721,Jean,Dean,jdeank0@soundcloud.com,Female,49.176.245.42,$87.42,$468.52,rambler.ru
722,Timothy,Lewis,tlewisk1@weather.com,Male,232.129.129.39,$18.53,$209.63,networksolutions.com
723,Ruth,Long,rlongk2@usgs.gov,Female,44.75.252.64,$32.53,$340.04,gmpg.org
724,Kathryn,Hayes,khayesk3@alibaba.com,Female,138.94.65.24,$18.69,$567.86,imageshack.us
725,Deborah,Torres,dtorresk4@tiny.cc,Female,122.37.191.187,$61.19,$925.55,usatoday.com
726,Gregory,Stanley,gstanleyk5@vimeo.com,Male,34.30.46.214,$75.77,$195.35,theguardian.com
727,Janet,Edwards,jedwardsk6@studiopress.com,Female,102.140.71.141,$85.79,$835.16,aol.com
728,Louis,Miller,lmillerk7@godaddy.com,Male,90.250.145.183,$22.66,$447.53,squarespace.com
729,George,Snyder,gsnyderk8@bravesites.com,Male,72.11.58.70,$56.95,$286.39,blogs.com
730,Heather,Chavez,hchavezk9@netvibes.com,Female,47.57.75.152,$49.41,$708.71,redcross.org
731,Deborah,Martin,dmartinka@t.co,Female,93.40.230.117,$98.55,$775.21,ucoz.com
732,Andrea,Mills,amillskb@wordpress.org,Female,34.216.218.58,$30.55,$354.86,ca.gov
733,Henry,Ramirez,hramirezkc@w3.org,Male,216.248.25.112,$49.60,$651.07,mapquest.com
734,Jacqueline,Ford,jfordkd@forbes.com,Female,32.7.156.156,$14.78,$838.63,technorati.com
735,Terry,Mendoza,tmendozake@cdbaby.com,Male,112.65.250.183,$19.47,$194.15,goo.ne.jp
736,Kelly,Gonzales,kgonzaleskf@netlog.com,Female,33.0.236.4,$77.61,$398.01,vk.com
737,Laura,Wright,lwrightkg@opensource.org,Female,193.129.25.160,$19.74,$156.92,ow.ly
738,Evelyn,Austin,eaustinkh@reference.com,Female,82.244.147.24,$44.62,$480.89,telegraph.co.uk
739,Doris,Chapman,dchapmanki@epa.gov,Female,84.210.136.142,$49.93,$190.84,nature.com
740,Wayne,Pierce,wpiercekj@imageshack.us,Male,23.247.104.24,$95.20,$449.82,baidu.com
741,David,Chavez,dchavezkk@networksolutions.com,Male,136.12.128.157,$33.66,$842.21,gravatar.com
742,Craig,Morgan,cmorgankl@cpanel.net,Male,149.173.8.152,$87.70,$267.18,paginegialle.it
743,Ann,Watkins,awatkinskm@skyrock.com,Female,20.39.188.233,$46.58,$911.11,sphinn.com
744,Walter,Mills,wmillskn@indiatimes.com,Male,237.21.103.136,$85.63,$405.74,feedburner.com
745,Julie,Andrews,jandrewsko@a8.net,Female,133.210.189.93,$69.22,$934.57,hatena.ne.jp
746,Louis,Spencer,lspencerkp@arstechnica.com,Male,188.247.94.5,$33.67,$898.12,youtube.com
747,Douglas,Rodriguez,drodriguezkq@privacy.gov.au,Male,93.94.6.104,$18.12,$667.16,microsoft.com
748,Debra,Olson,dolsonkr@cafepress.com,Female,253.107.7.159,$31.76,$769.51,theguardian.com
749,Kenneth,Fuller,kfullerks@ft.com,Male,43.132.94.252,$36.73,$910.22,slate.com
750,Steve,Lynch,slynchkt@naver.com,Male,165.251.179.79,$79.84,$469.23,sbwire.com
751,Edward,Lee,eleeku@wikimedia.org,Male,198.14.25.99,$98.15,$831.70,reference.com
752,Jacqueline,Matthews,jmatthewskv@phpbb.com,Female,56.22.16.84,$33.46,$358.00,wordpress.org
753,Alan,Stanley,astanleykw@addtoany.com,Male,249.216.67.219,$47.50,$693.35,abc.net.au
754,Joe,Kim,jkimkx@godaddy.com,Male,144.108.214.202,$98.74,$645.21,paginegialle.it
755,Henry,Hernandez,hhernandezky@ehow.com,Male,76.87.143.91,$67.99,$874.19,sogou.com
756,Cynthia,Perry,cperrykz@tuttocitta.it,Female,79.104.52.71,$89.04,$812.66,reddit.com
757,Steve,Morris,smorrisl0@redcross.org,Male,38.189.246.121,$91.88,$178.06,irs.gov
758,Gary,Bennett,gbennettl1@wikimedia.org,Male,38.184.53.237,$55.82,$991.56,pen.io
759,Ann,Black,ablackl2@amazon.de,Female,107.166.104.116,$35.93,$210.37,wsj.com
760,Angela,Hayes,ahayesl3@nydailynews.com,Female,21.63.27.48,$71.72,$890.81,joomla.org
761,John,Mitchell,jmitchelll4@webs.com,Male,242.101.127.233,$75.93,$422.60,salon.com
762,Shawn,Snyder,ssnyderl5@nbcnews.com,Male,120.241.101.164,$75.47,$342.33,photobucket.com
763,Ernest,Hernandez,ehernandezl6@paypal.com,Male,46.169.144.255,$63.94,$917.34,unicef.org
764,Judy,Austin,jaustinl7@opensource.org,Female,25.136.53.45,$92.26,$244.14,tuttocitta.it
765,Samuel,Sullivan,ssullivanl8@theguardian.com,Male,189.214.181.74,$22.35,$275.15,dailymail.co.uk
766,Martha,Cooper,mcooperl9@about.com,Female,145.101.5.15,$96.21,$159.11,themeforest.net
767,Emily,Berry,eberryla@biblegateway.com,Female,197.101.70.148,$45.98,$695.57,nih.gov
768,Laura,Wood,lwoodlb@howstuffworks.com,Female,41.150.99.175,$12.21,$375.74,prnewswire.com
769,Russell,Meyer,rmeyerlc@sitemeter.com,Male,105.249.206.115,$35.67,$520.45,wikipedia.org
770,Jonathan,Burke,jburkeld@walmart.com,Male,244.238.32.22,$19.46,$352.48,photobucket.com
771,Anthony,Arnold,aarnoldle@ovh.net,Male,122.118.183.53,$90.27,$486.74,photobucket.com
772,Janet,Bell,jbelllf@github.com,Female,70.144.229.171,$47.66,$466.42,pen.io
773,Melissa,Wagner,mwagnerlg@pbs.org,Female,115.197.34.40,$20.17,$237.87,newyorker.com
774,Tammy,Banks,tbankslh@webnode.com,Female,178.135.189.82,$11.45,$804.07,godaddy.com
775,Ralph,Nichols,rnicholsli@goodreads.com,Male,54.101.9.184,$85.69,$536.79,businessweek.com
776,Kathryn,Campbell,kcampbelllj@biblegateway.com,Female,98.198.80.197,$10.33,$300.21,abc.net.au
777,Wayne,Stevens,wstevenslk@reverbnation.com,Male,159.138.78.77,$79.27,$879.10,360.cn
778,Rachel,Howell,rhowellll@pcworld.com,Female,132.214.208.186,$37.64,$470.54,time.com
779,Deborah,Brooks,dbrookslm@patch.com,Female,156.251.251.244,$99.75,$230.11,unblog.fr
780,Kathy,Freeman,kfreemanln@google.it,Female,241.78.249.241,$76.59,$672.94,globo.com
781,Chris,Andrews,candrewslo@nymag.com,Male,245.209.150.233,$98.20,$897.78,goodreads.com
782,Richard,Robinson,rrobinsonlp@acquirethisname.com,Male,131.16.218.85,$93.20,$894.36,nature.com
783,Brian,Reid,breidlq@rambler.ru,Male,213.26.5.87,$30.28,$869.58,jalbum.net
784,Lois,Warren,lwarrenlr@mail.ru,Female,201.128.170.5,$22.11,$253.36,com.com
785,Nicholas,Hamilton,nhamiltonls@slate.com,Male,233.51.232.20,$89.17,$561.18,qq.com
786,Carl,Ellis,cellislt@si.edu,Male,191.149.6.205,$68.53,$518.26,php.net
787,Carlos,Flores,cfloreslu@opera.com,Male,190.101.108.228,$63.11,$459.08,cargocollective.com
788,Donald,Wells,dwellslv@comsenz.com,Male,38.155.15.153,$95.60,$695.16,jugem.jp
789,Chris,Harris,charrislw@sakura.ne.jp,Male,118.228.44.144,$33.39,$986.41,boston.com
790,William,Wallace,wwallacelx@mashable.com,Male,228.41.150.79,$20.56,$280.61,reverbnation.com
791,Carol,Marshall,cmarshallly@myspace.com,Female,64.41.220.59,$79.61,$825.60,baidu.com
792,Raymond,Harrison,rharrisonlz@census.gov,Male,108.175.100.79,$43.05,$667.16,wordpress.com
793,Angela,Morales,amoralesm0@liveinternet.ru,Female,8.231.113.139,$82.55,$391.29,house.gov
794,Joan,Hanson,jhansonm1@ehow.com,Female,17.240.173.78,$58.82,$217.50,usda.gov
795,Christopher,Stephens,cstephensm2@constantcontact.com,Male,168.136.63.193,$78.94,$925.62,posterous.com
796,Ann,Romero,aromerom3@i2i.jp,Female,174.189.235.250,$82.79,$697.79,xinhuanet.com
797,Terry,Watson,twatsonm4@bloomberg.com,Male,188.38.182.14,$43.28,$219.23,symantec.com
798,Janice,Cruz,jcruzm5@github.com,Female,98.5.34.36,$14.91,$426.99,bigcartel.com
799,Elizabeth,Russell,erussellm6@icq.com,Female,1.40.11.39,$95.34,$663.57,scientificamerican.com
800,Harry,Hunt,hhuntm7@ibm.com,Male,220.56.217.192,$83.59,$305.28,webs.com
801,Laura,Morrison,lmorrisonm8@amazon.co.jp,Female,237.62.110.192,$61.83,$170.08,usgs.gov
802,Rose,Taylor,rtaylorm9@weather.com,Female,255.197.123.80,$15.48,$381.72,163.com
803,Jessica,Wilson,jwilsonma@sfgate.com,Female,47.11.173.222,$44.35,$659.03,fastcompany.com
804,Timothy,Mason,tmasonmb@economist.com,Male,162.142.47.181,$79.03,$416.45,jimdo.com
805,Susan,Torres,storresmc@scientificamerican.com,Female,23.13.10.52,$93.70,$705.76,sphinn.com
806,Joshua,Gordon,jgordonmd@umn.edu,Male,62.99.137.199,$63.12,$616.91,goo.gl
807,Irene,Williamson,iwilliamsonme@slate.com,Female,143.32.128.109,$29.73,$542.48,virginia.edu
808,Martin,Graham,mgrahammf@bigcartel.com,Male,44.38.223.39,$57.01,$213.06,cdc.gov
809,Betty,Matthews,bmatthewsmg@wiley.com,Female,127.132.137.222,$39.48,$163.00,delicious.com
810,Anthony,Henderson,ahendersonmh@friendfeed.com,Male,84.58.19.169,$91.63,$489.14,addthis.com
811,Wayne,Hernandez,whernandezmi@hc360.com,Male,93.37.81.229,$42.05,$341.89,woothemes.com
812,Howard,Flores,hfloresmj@furl.net,Male,1.27.201.156,$32.05,$606.77,sohu.com
813,Adam,Young,ayoungmk@blinklist.com,Male,192.116.117.149,$99.12,$600.76,nbcnews.com
814,Betty,Banks,bbanksml@pcworld.com,Female,212.47.190.67,$49.48,$892.84,slideshare.net
815,Louis,Castillo,lcastillomm@hostgator.com,Male,177.16.127.63,$67.76,$321.90,home.pl
816,Wayne,Marshall,wmarshallmn@youtube.com,Male,152.247.68.64,$81.27,$863.55,icio.us
817,Patrick,Bryant,pbryantmo@weebly.com,Male,13.189.125.151,$89.69,$717.77,taobao.com
818,Virginia,Frazier,vfraziermp@mac.com,Female,197.236.33.119,$45.25,$195.13,rakuten.co.jp
819,Brenda,Phillips,bphillipsmq@fc2.com,Female,155.172.41.175,$13.06,$252.37,nbcnews.com
820,Christina,Powell,cpowellmr@nbcnews.com,Female,39.57.176.162,$71.36,$499.02,zdnet.com
821,Deborah,Little,dlittlems@irs.gov,Female,146.27.40.223,$76.92,$977.23,amazon.com
822,Doris,Ward,dwardmt@disqus.com,Female,202.237.144.30,$50.95,$698.16,discovery.com
823,Larry,Romero,lromeromu@uol.com.br,Male,114.171.243.126,$89.12,$513.92,wordpress.org
824,Amy,Porter,aportermv@youtube.com,Female,4.161.38.140,$83.98,$421.35,gov.uk
825,Alan,Burns,aburnsmw@typepad.com,Male,215.74.214.254,$36.30,$290.75,vinaora.com
826,Dorothy,Lynch,dlynchmx@telegraph.co.uk,Female,80.182.118.65,$24.88,$343.45,cam.ac.uk
827,Timothy,Patterson,tpattersonmy@naver.com,Male,137.57.65.186,$55.52,$528.50,columbia.edu
828,Judith,Black,jblackmz@ftc.gov,Female,72.250.220.179,$63.42,$882.02,barnesandnoble.com
829,Richard,Montgomery,rmontgomeryn0@infoseek.co.jp,Male,209.36.38.60,$29.92,$847.02,vimeo.com
830,Marilyn,Franklin,mfranklinn1@nyu.edu,Female,173.226.5.21,$31.59,$223.35,twitter.com
831,Jacqueline,Mendoza,jmendozan2@slashdot.org,Female,50.40.64.244,$35.59,$715.63,csmonitor.com
832,Gloria,Spencer,gspencern3@miitbeian.gov.cn,Female,111.246.155.215,$50.05,$849.96,umn.edu
833,Dorothy,Stone,dstonen4@topsy.com,Female,43.56.191.45,$16.49,$406.64,bandcamp.com
834,Bobby,Stone,bstonen5@miitbeian.gov.cn,Male,102.192.194.34,$79.67,$384.86,washington.edu
835,Lori,Brown,lbrownn6@xinhuanet.com,Female,221.253.145.19,$92.35,$156.25,prnewswire.com
836,Denise,Roberts,drobertsn7@jimdo.com,Female,228.96.20.206,$49.79,$792.44,squidoo.com
837,Earl,Baker,ebakern8@diigo.com,Male,94.251.110.151,$91.67,$585.04,studiopress.com
838,Daniel,Harper,dharpern9@washington.edu,Male,80.166.122.246,$59.57,$779.02,pcworld.com
839,Christopher,Harrison,charrisonna@woothemes.com,Male,183.217.49.2,$39.82,$883.37,java.com
840,Teresa,Fox,tfoxnb@amazon.co.jp,Female,175.4.237.143,$44.45,$775.15,blogger.com
841,Joshua,Williams,jwilliamsnc@mlb.com,Male,233.52.19.13,$81.38,$711.37,gizmodo.com
842,Daniel,Collins,dcollinsnd@jigsy.com,Male,36.234.138.140,$34.87,$885.54,ameblo.jp
843,Christopher,Hawkins,chawkinsne@harvard.edu,Male,222.159.127.89,$94.86,$678.86,edublogs.org
844,Daniel,Gilbert,dgilbertnf@businesswire.com,Male,160.115.194.41,$67.63,$557.95,mac.com
845,Bruce,Johnston,bjohnstonng@ocn.ne.jp,Male,110.49.209.17,$57.71,$164.75,fc2.com
846,Carlos,Gonzalez,cgonzaleznh@cafepress.com,Male,148.36.184.72,$49.10,$939.43,printfriendly.com
847,Cheryl,Gonzales,cgonzalesni@t-online.de,Female,63.156.198.190,$70.55,$847.37,bbb.org
848,Marie,Lawson,mlawsonnj@wix.com,Female,39.189.112.51,$73.27,$968.19,hhs.gov
849,Wayne,Moreno,wmorenonk@flavors.me,Male,86.252.203.48,$69.72,$484.02,diigo.com
850,Sarah,Elliott,selliottnl@webmd.com,Female,42.214.234.120,$43.50,$518.50,sakura.ne.jp
851,Billy,Olson,bolsonnm@illinois.edu,Male,157.137.188.175,$58.36,$322.97,narod.ru
852,Chris,Spencer,cspencernn@vistaprint.com,Male,55.174.80.252,$74.86,$929.95,ft.com
853,Virginia,Patterson,vpattersonno@histats.com,Female,9.158.243.98,$34.63,$800.63,free.fr
854,Dennis,Jackson,djacksonnp@hud.gov,Male,125.249.168.79,$96.92,$630.31,telegraph.co.uk
855,Frances,Perkins,fperkinsnq@arstechnica.com,Female,95.172.148.163,$13.12,$911.83,hatena.ne.jp
856,Philip,Bennett,pbennettnr@t.co,Male,210.173.109.13,$43.50,$406.22,home.pl
857,Stephanie,Banks,sbanksns@buzzfeed.com,Female,133.137.160.0,$76.69,$966.52,topsy.com
858,Mark,Allen,mallennt@opensource.org,Male,86.74.52.155,$47.89,$254.34,shareasale.com
859,Tina,Owens,towensnu@fc2.com,Female,9.146.39.51,$73.19,$904.50,squidoo.com
860,Cynthia,Perez,cpereznv@mediafire.com,Female,197.87.30.62,$80.74,$447.33,github.io
861,Rachel,Day,rdaynw@phpbb.com,Female,223.195.216.155,$64.38,$952.54,cpanel.net
862,Patrick,Chavez,pchaveznx@paypal.com,Male,51.36.123.32,$45.49,$781.69,cnn.com
863,Laura,Jones,ljonesny@soundcloud.com,Female,195.132.190.151,$81.33,$832.42,bloglovin.com
864,Andrea,Stanley,astanleynz@example.com,Female,72.112.84.168,$99.13,$332.18,si.edu
865,Cynthia,Kim,ckimo0@wiley.com,Female,248.222.170.222,$88.12,$903.80,ustream.tv
866,Heather,Cunningham,hcunninghamo1@blogs.com,Female,27.71.149.92,$63.02,$302.89,123-reg.co.uk
867,Amanda,Day,adayo2@princeton.edu,Female,76.241.97.36,$79.56,$648.60,macromedia.com
868,Kathleen,Ross,krosso3@tamu.edu,Female,1.45.155.184,$36.16,$355.92,reuters.com
869,Harold,Richards,hrichardso4@marriott.com,Male,159.82.181.231,$99.29,$460.07,themeforest.net
870,Craig,Sims,csimso5@dagondesign.com,Male,251.113.210.87,$92.70,$432.43,howstuffworks.com
871,Juan,Martinez,jmartinezo6@amazon.co.uk,Male,237.186.210.205,$21.77,$919.90,nature.com
872,Alan,Alexander,aalexandero7@psu.edu,Male,30.120.23.89,$79.52,$548.30,guardian.co.uk
873,Jane,Wood,jwoodo8@dropbox.com,Female,69.120.172.15,$44.66,$964.74,redcross.org
874,Kenneth,Ford,kfordo9@va.gov,Male,155.185.179.1,$89.08,$206.78,abc.net.au
875,Randy,Matthews,rmatthewsoa@ucoz.ru,Male,0.232.78.154,$61.67,$339.57,fotki.com
876,Roger,Peterson,rpetersonob@icio.us,Male,50.176.136.114,$10.18,$749.02,cnet.com
877,Sharon,Cruz,scruzoc@sakura.ne.jp,Female,8.130.214.223,$97.12,$710.64,usatoday.com
878,Lillian,Morgan,lmorganod@epa.gov,Female,238.99.109.132,$97.98,$675.94,linkedin.com
879,Craig,Foster,cfosteroe@seattletimes.com,Male,84.164.123.245,$81.17,$697.74,berkeley.edu
880,Frances,Harris,fharrisof@cdc.gov,Female,117.218.232.201,$72.06,$278.47,ed.gov
881,Ralph,White,rwhiteog@w3.org,Male,120.117.116.176,$17.22,$267.77,independent.co.uk
882,Andrew,Morris,amorrisoh@webs.com,Male,108.111.48.12,$10.33,$999.47,engadget.com
883,Brandon,Moreno,bmorenooi@dagondesign.com,Male,13.9.135.56,$69.19,$752.96,un.org
884,Eugene,Fisher,efisheroj@furl.net,Male,50.38.42.162,$84.87,$618.13,umich.edu
885,Kathleen,Porter,kporterok@vimeo.com,Female,118.2.75.61,$50.97,$839.44,com.com
886,William,Murray,wmurrayol@so-net.ne.jp,Male,113.253.87.227,$57.94,$721.05,kickstarter.com
887,Paula,Rice,priceom@g.co,Female,199.50.0.22,$90.59,$327.03,reddit.com
888,Judy,Wilson,jwilsonon@slashdot.org,Female,217.86.161.226,$91.95,$301.84,washington.edu
889,Amanda,Cooper,acooperoo@geocities.jp,Female,230.142.246.93,$90.50,$854.47,miibeian.gov.cn
890,Justin,Hunter,jhunterop@japanpost.jp,Male,119.151.89.172,$46.36,$236.35,zdnet.com
891,Lois,Holmes,lholmesoq@cyberchimps.com,Female,22.91.82.178,$20.51,$819.40,apache.org
892,Roger,Morris,rmorrisor@4shared.com,Male,255.51.217.29,$51.40,$880.22,google.ru
893,David,Peters,dpetersos@pinterest.com,Male,60.184.152.250,$82.07,$199.33,tumblr.com
894,Paul,Simpson,psimpsonot@wunderground.com,Male,88.179.171.103,$43.16,$430.71,google.co.jp
895,Rachel,Fox,rfoxou@dmoz.org,Female,237.229.216.51,$73.15,$549.34,histats.com
896,Martha,Chavez,mchavezov@reference.com,Female,26.159.255.74,$87.88,$796.08,feedburner.com
897,Nicole,Sanchez,nsanchezow@si.edu,Female,12.193.156.46,$64.16,$771.32,php.net
898,Carolyn,Henry,chenryox@tripadvisor.com,Female,115.228.235.84,$92.37,$258.41,redcross.org
899,Michael,Richardson,mrichardsonoy@fema.gov,Male,103.79.134.8,$94.37,$154.10,ocn.ne.jp
900,Stephanie,Bishop,sbishopoz@angelfire.com,Female,79.166.124.58,$21.99,$538.19,intel.com
901,Doris,James,djamesp0@unc.edu,Female,201.226.112.185,$32.53,$852.83,theglobeandmail.com
902,Shawn,Lee,sleep1@amazonaws.com,Male,127.125.8.220,$85.12,$349.58,lulu.com
903,Irene,Smith,ismithp2@trellian.com,Female,80.133.236.50,$43.20,$172.20,addtoany.com
904,Howard,Hawkins,hhawkinsp3@soup.io,Male,101.8.113.13,$97.79,$645.93,flickr.com
905,Patrick,Weaver,pweaverp4@quantcast.com,Male,230.216.41.158,$77.58,$817.55,redcross.org
906,Linda,Johnston,ljohnstonp5@etsy.com,Female,173.79.83.177,$59.91,$290.44,state.tx.us
907,Daniel,Duncan,dduncanp6@telegraph.co.uk,Male,177.43.52.157,$86.98,$905.01,barnesandnoble.com
908,Julie,Cook,jcookp7@xing.com,Female,68.251.45.42,$96.57,$760.89,springer.com
909,Jerry,Andrews,jandrewsp8@cpanel.net,Male,21.74.20.175,$21.44,$262.28,techcrunch.com
910,Henry,Gray,hgrayp9@privacy.gov.au,Male,140.140.198.117,$28.52,$445.41,dell.com
911,Ruth,Campbell,rcampbellpa@msn.com,Female,187.6.28.171,$29.91,$619.55,deviantart.com
912,Bobby,Rogers,brogerspb@engadget.com,Male,146.187.122.254,$76.16,$195.95,blogspot.com
913,Sara,Armstrong,sarmstrongpc@wired.com,Female,138.192.240.72,$98.86,$993.18,icio.us
914,Paula,Garza,pgarzapd@theguardian.com,Female,240.14.14.192,$50.45,$358.10,slideshare.net
915,Laura,Reid,lreidpe@lulu.com,Female,120.122.23.110,$47.83,$937.08,stanford.edu
916,Fred,Brooks,fbrookspf@epa.gov,Male,113.187.27.173,$78.62,$740.22,jalbum.net
917,Edward,Clark,eclarkpg@mtv.com,Male,94.180.68.22,$37.06,$241.61,issuu.com
918,Sharon,Stewart,sstewartph@list-manage.com,Female,117.36.244.249,$21.04,$949.95,google.it
919,Susan,Henderson,shendersonpi@furl.net,Female,159.74.86.18,$56.56,$195.09,discovery.com
920,Pamela,Morgan,pmorganpj@narod.ru,Female,14.49.93.193,$35.15,$981.69,nih.gov
921,Phillip,Williamson,pwilliamsonpk@myspace.com,Male,210.167.246.10,$47.78,$753.08,ameblo.jp
922,Jennifer,Gray,jgraypl@forbes.com,Female,71.228.100.217,$89.71,$226.23,scribd.com
923,Shawn,Ross,srosspm@skype.com,Male,104.247.34.114,$11.38,$409.04,ed.gov
924,Janet,Gibson,jgibsonpn@php.net,Female,178.118.106.42,$23.88,$998.19,bandcamp.com
925,Doris,Fox,dfoxpo@elpais.com,Female,255.91.226.48,$56.24,$993.88,mayoclinic.com
926,Bruce,Lewis,blewispp@surveymonkey.com,Male,8.225.79.7,$29.71,$916.00,about.me
927,Gregory,Brooks,gbrookspq@patch.com,Male,240.203.53.141,$63.86,$306.32,opera.com
928,Timothy,Day,tdaypr@alibaba.com,Male,82.230.242.28,$31.61,$435.92,is.gd
929,Jonathan,Miller,jmillerps@chron.com,Male,3.212.81.29,$35.81,$272.32,tripadvisor.com
930,Irene,Barnes,ibarnespt@purevolume.com,Female,31.18.222.250,$12.89,$212.18,desdev.cn
931,Kimberly,Miller,kmillerpu@springer.com,Female,31.111.136.132,$45.17,$425.12,elegantthemes.com
932,Andrea,George,ageorgepv@weather.com,Female,144.178.126.83,$66.23,$342.33,psu.edu
933,Dennis,Walker,dwalkerpw@ft.com,Male,231.84.72.75,$54.23,$319.14,zdnet.com
934,Norma,Harvey,nharveypx@php.net,Female,66.245.159.173,$88.29,$364.02,sourceforge.net
935,Craig,Oliver,coliverpy@photobucket.com,Male,136.149.154.174,$22.83,$176.33,github.com
936,Victor,Garcia,vgarciapz@bbc.co.uk,Male,57.80.142.22,$60.00,$956.76,bloglines.com
937,Bonnie,Stephens,bstephensq0@boston.com,Female,161.33.108.173,$46.37,$870.87,hibu.com
938,Edward,Wells,ewellsq1@photobucket.com,Male,151.39.35.136,$98.62,$612.76,sohu.com
939,Sara,Myers,smyersq2@nifty.com,Female,173.150.23.87,$76.90,$800.30,tripod.com
940,Diana,Dunn,ddunnq3@europa.eu,Female,14.63.234.99,$40.19,$386.78,businesswire.com
941,James,Carter,jcarterq4@cafepress.com,Male,2.65.183.38,$24.16,$365.13,virginia.edu
942,Jennifer,Jordan,jjordanq5@msu.edu,Female,111.18.21.229,$42.38,$258.36,thetimes.co.uk
943,Bobby,Murphy,bmurphyq6@dmoz.org,Male,131.248.244.100,$41.70,$846.14,springer.com
944,Kevin,Peters,kpetersq7@nhs.uk,Male,212.119.159.161,$94.94,$987.40,boston.com
945,Mark,Arnold,marnoldq8@ovh.net,Male,176.227.170.174,$11.46,$737.34,senate.gov
946,Katherine,Austin,kaustinq9@myspace.com,Female,248.74.60.176,$58.06,$810.63,usnews.com
947,Carlos,Sanders,csandersqa@typepad.com,Male,219.15.8.130,$70.11,$364.33,nih.gov
948,Carl,Fields,cfieldsqb@earthlink.net,Male,48.177.33.39,$33.82,$641.20,ning.com
949,Carl,Larson,clarsonqc@altervista.org,Male,211.126.101.230,$95.20,$628.12,newyorker.com
950,Tina,Young,tyoungqd@eepurl.com,Female,38.103.74.196,$44.73,$480.80,techcrunch.com
951,Wanda,Scott,wscottqe@auda.org.au,Female,98.33.44.215,$67.03,$767.24,weebly.com
952,Judy,Castillo,jcastilloqf@woothemes.com,Female,76.71.196.254,$18.38,$617.87,reverbnation.com
953,Norma,Little,nlittleqg@networkadvertising.org,Female,192.95.134.230,$81.92,$534.39,studiopress.com
954,Jerry,Russell,jrussellqh@hostgator.com,Male,128.142.200.176,$36.83,$828.82,studiopress.com
955,Walter,Perkins,wperkinsqi@uol.com.br,Male,109.113.29.83,$67.11,$646.43,yandex.ru
956,Elizabeth,Warren,ewarrenqj@twitter.com,Female,240.118.43.197,$65.98,$583.48,salon.com
957,Diane,Kennedy,dkennedyqk@ning.com,Female,101.189.58.140,$84.71,$726.84,yale.edu
958,Donna,Grant,dgrantql@about.com,Female,91.95.201.33,$53.40,$333.57,china.com.cn
959,Phyllis,Hunter,phunterqm@goo.gl,Female,128.163.110.113,$61.62,$706.16,technorati.com
960,Ashley,Arnold,aarnoldqn@vk.com,Female,141.158.125.55,$57.30,$492.69,techcrunch.com
961,Norma,Ferguson,nfergusonqo@guardian.co.uk,Female,241.69.212.113,$11.31,$660.31,edublogs.org
962,Philip,Webb,pwebbqp@ted.com,Male,64.231.43.218,$84.13,$584.40,rambler.ru
963,Johnny,Morrison,jmorrisonqq@ucla.edu,Male,60.58.189.15,$67.59,$603.00,home.pl
964,Amanda,Baker,abakerqr@yahoo.com,Female,123.171.161.46,$24.08,$755.65,csmonitor.com
965,Marilyn,Black,mblackqs@adobe.com,Female,244.2.37.164,$73.10,$275.83,tuttocitta.it
966,Edward,Bradley,ebradleyqt@ft.com,Male,204.174.185.165,$17.26,$642.90,salon.com
967,Brian,Chapman,bchapmanqu@noaa.gov,Male,57.47.242.96,$54.11,$626.43,rakuten.co.jp
968,Deborah,Burns,dburnsqv@tripadvisor.com,Female,58.73.47.72,$93.93,$585.80,ed.gov
969,Keith,Reynolds,kreynoldsqw@wunderground.com,Male,32.128.69.144,$29.53,$345.95,ustream.tv
970,Steve,Peters,spetersqx@soundcloud.com,Male,241.66.63.228,$84.97,$771.08,pinterest.com
971,Anna,George,ageorgeqy@va.gov,Female,255.55.240.143,$12.47,$901.74,g.co
972,Russell,Duncan,rduncanqz@apache.org,Male,24.150.2.205,$17.77,$457.70,networkadvertising.org
973,Lois,Coleman,lcolemanr0@biblegateway.com,Female,21.72.5.204,$61.98,$283.44,cocolog-nifty.com
974,Kimberly,Wheeler,kwheelerr1@dedecms.com,Female,14.145.171.91,$49.91,$579.66,acquirethisname.com
975,Cheryl,Harris,charrisr2@slate.com,Female,247.242.206.220,$53.57,$783.94,nyu.edu
976,Walter,Henderson,whendersonr3@miibeian.gov.cn,Male,30.238.168.126,$65.02,$307.80,twitpic.com
977,Phillip,Nelson,pnelsonr4@cdbaby.com,Male,57.181.154.18,$26.68,$226.19,china.com.cn
978,Paul,Evans,pevansr5@pagesperso-orange.fr,Male,210.87.163.124,$61.19,$396.97,cornell.edu
979,Diana,Burke,dburker6@indiegogo.com,Female,51.219.101.197,$44.37,$442.20,sbwire.com
980,Daniel,Porter,dporterr7@yellowbook.com,Male,66.162.163.122,$75.96,$257.70,microsoft.com
981,Cynthia,Murphy,cmurphyr8@forbes.com,Female,135.173.201.72,$61.89,$733.43,com.com
982,Angela,Richardson,arichardsonr9@nih.gov,Female,90.187.96.95,$57.37,$772.65,trellian.com
983,Eric,Ruiz,eruizra@answers.com,Male,65.204.59.37,$67.97,$615.81,umich.edu
984,Frances,Stephens,fstephensrb@ca.gov,Female,234.154.2.219,$27.19,$477.04,adobe.com
985,Scott,Tucker,stuckerrc@prlog.org,Male,51.252.5.189,$21.41,$528.77,hud.gov
986,Ruth,Perry,rperryrd@angelfire.com,Female,48.47.212.38,$96.33,$209.18,altervista.org
987,Terry,Rice,tricere@tumblr.com,Male,165.182.76.65,$86.45,$426.03,msn.com
988,Lisa,Cunningham,lcunninghamrf@blinklist.com,Female,25.86.183.69,$28.01,$515.61,angelfire.com
989,Stephen,Carter,scarterrg@springer.com,Male,156.101.220.45,$66.03,$881.23,berkeley.edu
990,Jeffrey,Gonzales,jgonzalesrh@reddit.com,Male,150.43.66.129,$89.37,$157.79,reverbnation.com
991,Billy,Schmidt,bschmidtri@ask.com,Male,11.75.89.45,$39.07,$456.70,toplist.cz
992,Terry,Matthews,tmatthewsrj@reverbnation.com,Male,44.3.215.187,$60.90,$743.52,webnode.com
993,Jesse,Morgan,jmorganrk@examiner.com,Male,56.246.1.60,$50.98,$156.97,phpbb.com
994,Anne,Howard,ahowardrl@ezinearticles.com,Female,125.21.206.207,$43.23,$790.72,apache.org
995,Christopher,Scott,cscottrm@ustream.tv,Male,1.228.230.243,$18.74,$522.40,slashdot.org
996,Linda,Ramos,lramosrn@ow.ly,Female,104.98.173.163,$34.17,$944.25,businesswire.com
997,Henry,Jordan,hjordanro@free.fr,Male,117.13.7.196,$53.61,$899.24,cdc.gov
998,Steve,Green,sgreenrp@mozilla.org,Male,253.55.199.56,$32.63,$150.66,redcross.org
999,Cheryl,Scott,cscottrq@squidoo.com,Female,36.160.225.79,$17.08,$375.38,desdev.cn
1000,Frances,Rice,fricerr@miitbeian.gov.cn,Female,18.116.231.29,$20.40,$368.67,intel.com
