  id,first_name,last_name,email,gender,ip_address,refferer,amount_owes,value_of_account
1,Katherine,Gordon,kgordon0@state.gov,Female,51.30.74.16,oakley.com,$62.90,$8659.31
2,Matthew,Dean,mdean1@imageshack.us,Male,15.155.12.79,youku.com,$97.79,$8809.16
3,Joseph,Stanley,jstanley2@answers.com,Male,203.151.19.40,pbs.org,$130.10,$3743.79
4,Ralph,Castillo,rcastillo3@cnn.com,Male,44.253.90.143,sun.com,$131.39,$3796.96
5,Judith,Washington,jwashington4@bluehost.com,Female,55.128.79.64,bravesites.com,$94.76,$6149.39
6,Scott,Reed,sreed5@bloomberg.com,Male,222.143.250.32,macromedia.com,$136.45,$1192.39
7,Roger,Burton,rburton6@live.com,Male,229.135.237.61,amazonaws.com,$101.84,$4133.90
8,Nicole,Diaz,ndiaz7@shinystat.com,Female,128.246.66.216,guardian.co.uk,$139.37,$7911.04
9,Walter,Johnston,wjohnston8@virginia.edu,Male,255.66.103.96,berkeley.edu,$117.00,$1377.72
10,Gloria,Chapman,gchapman9@google.it,Female,47.71.38.59,dmoz.org,$99.16,$2988.87
11,Betty,Porter,bportera@wired.com,Female,172.12.83.122,fastcompany.com,$112.38,$1427.08
12,Norma,Rose,nroseb@amazon.co.jp,Female,193.126.164.162,mayoclinic.com,$15.72,$9253.11
13,Laura,Martin,lmartinc@pcworld.com,Female,238.215.196.102,lulu.com,$15.55,$9007.88
14,Andrea,Simpson,asimpsond@pen.io,Female,240.135.193.104,sphinn.com,$130.73,$296.33
15,Julie,Diaz,jdiaze@jugem.jp,Female,241.112.3.239,java.com,$115.01,$2153.47
16,Roy,Richards,rrichardsf@umich.edu,Male,218.242.134.38,infoseek.co.jp,$20.72,$3045.74
17,Charles,Knight,cknightg@timesonline.co.uk,Male,206.199.137.52,springer.com,$24.19,$6123.77
18,Kathy,Diaz,kdiazh@wikimedia.org,Female,251.174.71.147,yahoo.co.jp,$131.52,$6155.67
19,Shawn,Rodriguez,srodriguezi@barnesandnoble.com,Male,62.234.171.51,mysql.com,$48.14,$1294.48
20,Raymond,Reid,rreidj@patch.com,Male,148.208.51.125,narod.ru,$47.22,$9642.46
21,Matthew,Tucker,mtuckerk@eventbrite.com,Male,210.238.117.110,cdc.gov,$122.65,$3282.27
22,Frances,Rogers,frogersl@soundcloud.com,Female,131.58.251.6,google.nl,$76.90,$3153.04
23,Brenda,Young,byoungm@nytimes.com,Female,144.116.46.124,ucsd.edu,$78.07,$5996.20
24,Keith,Taylor,ktaylorn@nymag.com,Male,81.57.97.203,examiner.com,$141.78,$880.15
25,Johnny,Peters,jpeterso@youku.com,Male,243.199.13.206,google.co.uk,$91.77,$9398.31
26,Ruby,Green,rgreenp@miitbeian.gov.cn,Female,168.246.185.129,biblegateway.com,$127.10,$7900.21
27,Jennifer,Johnson,jjohnsonq@yellowpages.com,Female,127.43.245.103,google.fr,$137.50,$5117.70
28,Ronald,George,rgeorger@usatoday.com,Male,118.115.200.232,tripod.com,$15.43,$8278.19
29,Scott,Lewis,slewiss@360.cn,Male,81.192.200.53,nasa.gov,$70.26,$3770.49
30,Albert,James,ajamest@vinaora.com,Male,180.10.208.213,netvibes.com,$18.37,$3595.88
31,Gregory,Morris,gmorrisu@sciencedaily.com,Male,241.243.168.239,ftc.gov,$136.25,$1571.83
32,Robert,Mcdonald,rmcdonaldv@paginegialle.it,Male,192.224.176.168,hubpages.com,$103.24,$1876.91
33,Benjamin,Weaver,bweaverw@alibaba.com,Male,42.253.148.79,webnode.com,$101.05,$913.37
34,Elizabeth,Ross,erossx@vimeo.com,Female,45.191.98.36,stumbleupon.com,$24.58,$8873.94
35,Peter,Reyes,preyesy@naver.com,Male,45.60.253.131,auda.org.au,$123.04,$6479.49
36,Kathleen,Garrett,kgarrettz@toplist.cz,Female,164.214.241.163,sphinn.com,$60.75,$5990.54
37,Michelle,Lopez,mlopez10@spotify.com,Female,16.99.119.134,about.me,$107.34,$1713.46
38,Sandra,Graham,sgraham11@feedburner.com,Female,45.254.203.125,marketwatch.com,$89.41,$8931.46
39,Janice,Duncan,jduncan12@bbb.org,Female,197.34.163.106,youtube.com,$26.47,$9881.25
40,Sara,Armstrong,sarmstrong13@opensource.org,Female,106.86.161.98,guardian.co.uk,$74.10,$6596.46
41,Harold,Dunn,hdunn14@so-net.ne.jp,Male,38.39.245.58,fastcompany.com,$13.39,$497.63
42,Barbara,Hayes,bhayes15@alibaba.com,Female,56.144.208.177,myspace.com,$22.72,$590.79
43,Martin,Howard,mhoward16@nhs.uk,Male,42.35.152.21,ebay.co.uk,$104.74,$217.40
44,Martin,Bailey,mbailey17@reverbnation.com,Male,132.185.27.160,timesonline.co.uk,$89.95,$3648.53
45,Henry,Williamson,hwilliamson18@amazon.co.jp,Male,38.216.101.155,cdc.gov,$91.94,$8542.83
46,Harold,Lopez,hlopez19@hugedomains.com,Male,241.93.62.42,icq.com,$72.20,$1036.10
47,Donald,Reid,dreid1a@moonfruit.com,Male,133.85.102.98,usatoday.com,$42.65,$1775.57
48,Susan,Rice,srice1b@alexa.com,Female,173.165.180.228,yellowpages.com,$18.88,$9144.77
49,Anne,Murray,amurray1c@squarespace.com,Female,243.84.192.120,globo.com,$13.06,$3824.38
50,Lisa,Daniels,ldaniels1d@mail.ru,Female,100.82.163.235,mail.ru,$77.73,$2987.86
51,Theresa,Garcia,tgarcia1e@fotki.com,Female,93.101.10.59,abc.net.au,$35.20,$3602.44
52,Ann,Barnes,abarnes1f@accuweather.com,Female,207.234.147.133,guardian.co.uk,$52.70,$3207.46
53,Gloria,Ruiz,gruiz1g@whitehouse.gov,Female,168.82.99.179,usgs.gov,$47.63,$494.35
54,Lois,Jenkins,ljenkins1h@homestead.com,Female,108.81.227.70,blogs.com,$49.40,$150.62
55,Jean,Russell,jrussell1i@dagondesign.com,Female,13.172.190.195,mayoclinic.com,$113.69,$4493.91
56,Dennis,Nelson,dnelson1j@amazon.co.uk,Male,166.191.214.167,un.org,$86.97,$9690.30
57,Sandra,Morris,smorris1k@va.gov,Female,46.27.14.57,blogger.com,$94.22,$4765.47
58,Cynthia,Murray,cmurray1l@netvibes.com,Female,75.48.94.10,kickstarter.com,$100.13,$1263.89
59,Kevin,Parker,kparker1m@discuz.net,Male,238.188.195.138,columbia.edu,$13.46,$9948.10
60,David,Harvey,dharvey1n@marketwatch.com,Male,10.129.109.92,qq.com,$69.34,$6101.38
61,Arthur,Schmidt,aschmidt1o@mapy.cz,Male,244.221.126.94,wired.com,$93.35,$2814.28
62,Ruby,Cook,rcook1p@dyndns.org,Female,144.146.204.157,harvard.edu,$47.21,$2774.41
63,Steven,Flores,sflores1q@over-blog.com,Male,77.212.38.144,npr.org,$131.74,$8921.68
64,Jean,Robinson,jrobinson1r@seesaa.net,Female,200.245.0.7,ft.com,$63.45,$3024.73
65,Antonio,Austin,aaustin1s@google.cn,Male,174.51.251.1,baidu.com,$57.06,$5132.64
66,Dennis,Powell,dpowell1t@barnesandnoble.com,Male,13.25.254.183,jimdo.com,$118.77,$7863.36
67,Tammy,Mcdonald,tmcdonald1u@tamu.edu,Female,5.164.117.61,google.pl,$71.16,$1964.30
68,Edward,Martin,emartin1v@hao123.com,Male,41.156.26.207,ted.com,$125.94,$2756.14
69,Louise,Jones,ljones1w@printfriendly.com,Female,33.125.27.234,cdc.gov,$44.71,$4156.07
70,Harold,Vasquez,hvasquez1x@ucsd.edu,Male,148.215.191.67,nhs.uk,$71.59,$183.90
71,Adam,Robinson,arobinson1y@merriam-webster.com,Male,230.226.236.250,abc.net.au,$126.34,$763.05
72,Carol,Lynch,clynch1z@pinterest.com,Female,206.140.255.60,example.com,$97.08,$8685.48
73,Beverly,Ray,bray20@wufoo.com,Female,44.131.3.24,mail.ru,$41.89,$4072.71
74,Ernest,Morales,emorales21@ow.ly,Male,2.6.174.154,arstechnica.com,$103.30,$2953.10
75,Chris,Matthews,cmatthews22@newyorker.com,Male,102.54.36.134,yandex.ru,$51.75,$7048.73
76,Julia,Garrett,jgarrett23@chronoengine.com,Female,10.33.180.226,themeforest.net,$32.85,$7711.93
77,Paul,Johnston,pjohnston24@reference.com,Male,158.76.73.179,biblegateway.com,$127.80,$1387.45
78,Judith,Franklin,jfranklin25@taobao.com,Female,179.32.11.16,typepad.com,$19.65,$9352.03
79,Maria,Cox,mcox26@diigo.com,Female,30.139.90.148,printfriendly.com,$138.36,$3046.54
80,Timothy,Howard,thoward27@a8.net,Male,214.48.252.86,wisc.edu,$67.34,$6194.92
81,Marilyn,Porter,mporter28@nymag.com,Female,228.104.250.115,bloglovin.com,$90.53,$5869.08
82,Jeremy,Ross,jross29@home.pl,Male,27.93.19.178,xrea.com,$100.98,$4858.40
83,Margaret,Stanley,mstanley2a@chronoengine.com,Female,116.133.156.201,techcrunch.com,$32.23,$7512.49
84,Aaron,Watkins,awatkins2b@arstechnica.com,Male,0.222.115.253,elegantthemes.com,$85.38,$765.20
85,Roger,Harper,rharper2c@imgur.com,Male,126.9.61.1,census.gov,$25.78,$773.79
86,Todd,Flores,tflores2d@opensource.org,Male,160.134.146.121,mysql.com,$95.61,$4644.76
87,Patrick,Arnold,parnold2e@phoca.cz,Male,32.239.110.6,pbs.org,$51.91,$964.32
88,Paula,Sanchez,psanchez2f@nhs.uk,Female,120.28.239.19,51.la,$101.61,$2123.08
89,Christina,Hill,chill2g@rambler.ru,Female,156.173.86.12,gov.uk,$113.31,$6134.31
90,George,Meyer,gmeyer2h@nature.com,Male,105.242.236.95,omniture.com,$99.67,$5314.04
91,Bobby,Gomez,bgomez2i@epa.gov,Male,2.165.226.170,shareasale.com,$79.79,$6283.92
92,Melissa,Gutierrez,mgutierrez2j@dailymail.co.uk,Female,174.230.66.52,123-reg.co.uk,$45.93,$690.59
93,Shirley,Kelly,skelly2k@tmall.com,Female,66.105.69.198,telegraph.co.uk,$107.24,$5137.22
94,Carol,Cruz,ccruz2l@last.fm,Female,68.46.9.13,jalbum.net,$44.16,$9532.80
95,Shirley,Vasquez,svasquez2m@studiopress.com,Female,165.130.126.10,nyu.edu,$14.56,$8893.22
96,Rachel,Stevens,rstevens2n@fastcompany.com,Female,167.254.42.6,cornell.edu,$110.63,$2780.88
97,Wanda,Brown,wbrown2o@nih.gov,Female,247.74.43.45,cpanel.net,$143.26,$139.34
98,Raymond,Lee,rlee2p@infoseek.co.jp,Male,72.107.31.83,hc360.com,$75.15,$7339.93
99,Willie,Cox,wcox2q@tmall.com,Male,116.210.18.83,businessweek.com,$120.86,$5112.18
100,Barbara,Sims,bsims2r@purevolume.com,Female,118.107.79.103,discovery.com,$110.02,$8795.48
101,Tina,Reyes,treyes2s@prnewswire.com,Female,81.95.23.140,shinystat.com,$119.95,$825.14
102,Arthur,Watson,awatson2t@alexa.com,Male,98.14.188.42,tripadvisor.com,$85.06,$9170.90
103,Emily,Carpenter,ecarpenter2u@whitehouse.gov,Female,230.115.92.221,discovery.com,$87.86,$3036.46
104,Jessica,Harvey,jharvey2v@gnu.org,Female,13.37.59.70,discuz.net,$36.16,$4675.62
105,Marilyn,Coleman,mcoleman2w@networkadvertising.org,Female,120.184.4.19,ibm.com,$131.83,$6000.47
106,Jose,Kim,jkim2x@amazon.de,Male,27.66.172.50,patch.com,$65.82,$6333.24
107,Robin,Hansen,rhansen2y@unc.edu,Female,191.158.172.194,huffingtonpost.com,$80.91,$288.09
108,Kenneth,Murphy,kmurphy2z@wp.com,Male,240.233.207.255,zdnet.com,$145.76,$4406.85
109,Aaron,Daniels,adaniels30@ted.com,Male,117.243.34.188,tiny.cc,$65.52,$3054.65
110,Kenneth,Graham,kgraham31@comsenz.com,Male,198.109.30.38,xrea.com,$42.55,$3231.49
111,Frank,Wallace,fwallace32@topsy.com,Male,97.61.72.32,dedecms.com,$101.68,$4715.54
112,Dennis,Lane,dlane33@answers.com,Male,116.235.75.153,wisc.edu,$21.62,$2321.86
113,Willie,Stanley,wstanley34@printfriendly.com,Male,150.167.28.202,dion.ne.jp,$128.85,$4112.69
114,Janet,Richardson,jrichardson35@tmall.com,Female,105.153.165.6,youtube.com,$50.44,$1195.69
115,Nicholas,Hanson,nhanson36@moonfruit.com,Male,196.59.175.225,si.edu,$138.79,$108.26
116,Phyllis,Price,pprice37@mozilla.org,Female,73.204.121.41,google.nl,$94.34,$7217.46
117,Joyce,Howard,jhoward38@usatoday.com,Female,94.89.82.252,diigo.com,$68.49,$959.00
118,Joe,Brown,jbrown39@etsy.com,Male,250.212.191.77,surveymonkey.com,$27.05,$1303.28
119,Patrick,Gonzales,pgonzales3a@phoca.cz,Male,83.158.186.184,examiner.com,$121.67,$5972.77
120,Anne,Snyder,asnyder3b@oaic.gov.au,Female,154.51.146.210,opensource.org,$135.07,$4829.18
121,Kathryn,Burton,kburton3c@blinklist.com,Female,56.128.125.195,mapquest.com,$137.79,$8830.12
122,Donald,Wagner,dwagner3d@bing.com,Male,254.44.137.253,wsj.com,$103.12,$1703.17
123,Clarence,Stone,cstone3e@taobao.com,Male,121.97.210.22,edublogs.org,$130.23,$4948.11
124,Jesse,Cooper,jcooper3f@naver.com,Male,123.18.199.230,ft.com,$69.75,$9082.35
125,Bobby,Bennett,bbennett3g@scientificamerican.com,Male,197.126.49.126,webs.com,$47.54,$1257.90
126,Ashley,Berry,aberry3h@tmall.com,Female,128.14.205.40,example.com,$139.43,$2035.80
127,Russell,Snyder,rsnyder3i@nasa.gov,Male,187.148.15.0,ftc.gov,$53.28,$6315.95
128,Juan,Murray,jmurray3j@jugem.jp,Male,56.71.36.181,engadget.com,$36.49,$2974.22
129,Antonio,Montgomery,amontgomery3k@123-reg.co.uk,Male,189.165.35.104,tripod.com,$31.40,$9704.36
130,Melissa,Arnold,marnold3l@ed.gov,Female,139.28.235.214,ca.gov,$58.63,$5521.69
131,Carol,Ramos,cramos3m@slashdot.org,Female,36.236.154.85,hostgator.com,$95.46,$9918.71
132,Jennifer,Murphy,jmurphy3n@netlog.com,Female,189.221.176.5,unicef.org,$69.30,$8209.60
133,Mildred,Brooks,mbrooks3o@dell.com,Female,225.232.163.73,123-reg.co.uk,$136.67,$8395.71
134,Frances,Hayes,fhayes3p@cafepress.com,Female,146.255.161.71,github.com,$29.11,$7734.93
135,Philip,Howell,phowell3q@cnet.com,Male,210.238.200.74,bravesites.com,$61.45,$3459.11
136,Janice,Jackson,jjackson3r@go.com,Female,150.79.198.177,nytimes.com,$111.50,$476.78
137,Bonnie,Cole,bcole3s@elegantthemes.com,Female,198.13.20.113,jiathis.com,$78.31,$4672.62
138,Marilyn,Richardson,mrichardson3t@weibo.com,Female,129.192.63.244,prnewswire.com,$102.25,$452.78
139,Nicholas,Powell,npowell3u@google.ca,Male,13.19.26.118,dell.com,$68.66,$8064.75
140,Edward,Washington,ewashington3v@google.es,Male,195.123.237.89,ft.com,$18.16,$3536.71
141,Denise,Fuller,dfuller3w@so-net.ne.jp,Female,19.20.182.99,cocolog-nifty.com,$116.96,$5047.76
142,Keith,Stevens,kstevens3x@unesco.org,Male,139.24.61.9,adobe.com,$28.10,$7120.30
143,Henry,Roberts,hroberts3y@mysql.com,Male,87.191.194.213,sciencedaily.com,$12.22,$8749.38
144,David,Willis,dwillis3z@pinterest.com,Male,157.170.225.24,hp.com,$123.96,$6953.83
145,Aaron,Walker,awalker40@joomla.org,Male,69.202.214.7,altervista.org,$67.30,$1674.23
146,Emily,Kennedy,ekennedy41@oaic.gov.au,Female,207.35.115.3,squarespace.com,$136.74,$7919.34
147,Henry,Stevens,hstevens42@ucoz.com,Male,221.248.95.109,mysql.com,$21.86,$8390.77
148,Diane,Ross,dross43@com.com,Female,10.205.247.118,addthis.com,$14.24,$2943.03
149,Antonio,Carter,acarter44@dmoz.org,Male,49.173.236.143,blog.com,$138.18,$4954.95
150,Harold,Weaver,hweaver45@msu.edu,Male,138.12.199.213,de.vu,$45.94,$5357.25
151,Philip,Brooks,pbrooks46@slideshare.net,Male,69.215.235.20,walmart.com,$149.27,$1411.39
152,Brandon,Fowler,bfowler47@army.mil,Male,59.223.222.220,cnet.com,$35.20,$6525.17
153,Dorothy,Perry,dperry48@etsy.com,Female,37.127.203.102,sina.com.cn,$45.49,$3913.53
154,Dorothy,Adams,dadams49@wunderground.com,Female,29.24.190.175,cisco.com,$86.30,$4670.58
155,Wayne,Frazier,wfrazier4a@instagram.com,Male,108.135.31.10,histats.com,$139.13,$382.74
156,Beverly,Torres,btorres4b@baidu.com,Female,16.7.127.255,fda.gov,$53.79,$8128.78
157,Sara,Stone,sstone4c@desdev.cn,Female,181.207.74.134,reference.com,$63.79,$5593.20
158,Rose,Franklin,rfranklin4d@studiopress.com,Female,215.46.67.210,topsy.com,$70.75,$7265.01
159,Johnny,Moreno,jmoreno4e@icq.com,Male,68.81.76.128,cbc.ca,$65.38,$3312.16
160,Gloria,Knight,gknight4f@github.com,Female,123.136.120.126,aboutads.info,$100.66,$4329.36
161,Benjamin,Garrett,bgarrett4g@gov.uk,Male,35.101.126.137,go.com,$69.93,$6106.10
162,Antonio,Castillo,acastillo4h@webmd.com,Male,51.79.62.162,artisteer.com,$108.47,$774.60
163,Phyllis,Gilbert,pgilbert4i@google.com.br,Female,90.228.91.108,netvibes.com,$106.44,$204.29
164,Adam,Washington,awashington4j@fda.gov,Male,19.10.247.56,hp.com,$74.02,$5528.44
165,Christine,Turner,cturner4k@cafepress.com,Female,238.157.5.201,alibaba.com,$14.50,$3443.69
166,Clarence,Watkins,cwatkins4l@yahoo.com,Male,208.251.175.177,360.cn,$137.80,$1184.43
167,Stephen,Washington,swashington4m@yahoo.co.jp,Male,129.105.20.80,columbia.edu,$89.65,$4005.49
168,Douglas,Weaver,dweaver4n@tripod.com,Male,248.214.193.23,hubpages.com,$113.94,$6995.10
169,Jonathan,Stanley,jstanley4o@time.com,Male,119.228.112.219,drupal.org,$56.63,$4535.38
170,Edward,Burns,eburns4p@springer.com,Male,157.233.216.69,google.de,$43.11,$8682.84
171,Harry,Morales,hmorales4q@forbes.com,Male,90.9.175.125,last.fm,$110.20,$1337.23
172,Rebecca,Banks,rbanks4r@wisc.edu,Female,107.171.36.38,opera.com,$79.27,$8615.39
173,Christine,Gray,cgray4s@prweb.com,Female,171.137.16.80,ustream.tv,$38.58,$4218.37
174,Evelyn,Ruiz,eruiz4t@opera.com,Female,138.225.69.148,hexun.com,$80.08,$2825.48
175,Anne,Ray,aray4u@cam.ac.uk,Female,171.203.233.63,time.com,$142.05,$6921.56
176,Phyllis,Torres,ptorres4v@free.fr,Female,26.248.33.84,irs.gov,$90.58,$3501.87
177,Daniel,Jacobs,djacobs4w@tmall.com,Male,41.237.211.142,dot.gov,$139.95,$9576.17
178,Jacqueline,Palmer,jpalmer4x@creativecommons.org,Female,214.1.116.67,ehow.com,$59.85,$3148.21
179,Raymond,Martin,rmartin4y@angelfire.com,Male,154.113.158.155,youtu.be,$144.15,$5472.92
180,Craig,Kelley,ckelley4z@timesonline.co.uk,Male,244.139.235.77,mayoclinic.com,$125.28,$908.23
181,Andrea,Bell,abell50@yale.edu,Female,219.180.15.40,360.cn,$92.31,$2663.50
182,Karen,Phillips,kphillips51@bloglovin.com,Female,112.120.187.178,europa.eu,$23.82,$2462.33
183,Marilyn,Dean,mdean52@imgur.com,Female,122.170.223.15,umn.edu,$45.95,$7903.50
184,Dennis,Harrison,dharrison53@cbsnews.com,Male,182.211.32.232,blogspot.com,$51.27,$9176.24
185,Gerald,Duncan,gduncan54@weather.com,Male,31.138.28.174,discovery.com,$65.51,$6313.76
186,Kathy,Warren,kwarren55@friendfeed.com,Female,126.21.111.40,usnews.com,$138.91,$5980.28
187,Jerry,Collins,jcollins56@trellian.com,Male,18.111.19.190,europa.eu,$16.85,$8907.52
188,Eugene,Hayes,ehayes57@hubpages.com,Male,28.182.123.206,sourceforge.net,$63.10,$2023.58
189,David,Simpson,dsimpson58@technorati.com,Male,75.223.169.131,devhub.com,$71.55,$1832.10
190,Heather,Anderson,handerson59@storify.com,Female,230.52.12.29,weebly.com,$40.64,$4090.44
191,Helen,Mitchell,hmitchell5a@google.co.uk,Female,12.0.240.163,furl.net,$59.46,$2968.26
192,Nicholas,Diaz,ndiaz5b@geocities.jp,Male,232.69.164.47,businesswire.com,$112.65,$4284.27
193,Janice,Reed,jreed5c@msn.com,Female,209.198.49.189,cdbaby.com,$115.26,$8690.87
194,Thomas,Arnold,tarnold5d@t-online.de,Male,155.143.0.109,technorati.com,$54.03,$6311.65
195,Debra,Carpenter,dcarpenter5e@bloglines.com,Female,116.231.202.40,theguardian.com,$89.97,$3807.36
196,Edward,Torres,etorres5f@pbs.org,Male,183.36.160.133,printfriendly.com,$133.96,$4069.54
197,Virginia,Brown,vbrown5g@japanpost.jp,Female,189.78.228.34,mysql.com,$21.25,$3569.12
198,Katherine,Daniels,kdaniels5h@usa.gov,Female,200.109.84.10,ucla.edu,$115.71,$3554.55
199,Jeremy,Chapman,jchapman5i@usatoday.com,Male,20.121.67.159,omniture.com,$30.23,$8791.02
200,Fred,Simpson,fsimpson5j@hostgator.com,Male,161.30.124.249,nsw.gov.au,$46.56,$754.91
201,Patrick,Lane,plane5k@china.com.cn,Male,212.36.197.49,marriott.com,$148.51,$1369.12
202,Norma,Greene,ngreene5l@globo.com,Female,58.157.222.135,globo.com,$121.87,$5002.99
203,Annie,Foster,afoster5m@economist.com,Female,241.224.63.122,cdc.gov,$11.48,$2779.20
204,Wayne,Bishop,wbishop5n@symantec.com,Male,219.107.149.215,delicious.com,$142.30,$6891.89
205,Randy,Adams,radams5o@wired.com,Male,56.102.246.220,symantec.com,$29.61,$1801.86
206,Debra,Black,dblack5p@china.com.cn,Female,160.194.250.216,msu.edu,$52.64,$2940.72
207,Jennifer,Young,jyoung5q@wordpress.com,Female,86.76.126.173,csmonitor.com,$123.89,$2808.70
208,Annie,Reyes,areyes5r@wix.com,Female,6.210.70.187,feedburner.com,$138.59,$4961.24
209,Gregory,Rivera,grivera5s@typepad.com,Male,252.243.168.69,i2i.jp,$23.55,$8231.98
210,Victor,Smith,vsmith5t@adobe.com,Male,252.53.23.160,tuttocitta.it,$79.89,$3097.90
211,Roy,Reed,rreed5u@omniture.com,Male,169.86.103.72,accuweather.com,$44.51,$5867.62
212,Harold,Harvey,hharvey5v@sun.com,Male,132.185.238.120,blinklist.com,$145.86,$3692.29
213,Stephen,Campbell,scampbell5w@wired.com,Male,109.135.58.51,hugedomains.com,$117.87,$4579.78
214,Arthur,Scott,ascott5x@telegraph.co.uk,Male,97.242.31.106,rambler.ru,$117.42,$4147.09
215,Walter,Richards,wrichards5y@plala.or.jp,Male,105.159.5.132,cbsnews.com,$104.34,$9076.26
216,Debra,Burns,dburns5z@house.gov,Female,207.55.31.62,cnet.com,$59.18,$5621.51
217,Paul,Andrews,pandrews60@google.co.uk,Male,53.165.62.229,cornell.edu,$62.02,$318.85
218,Kathleen,Duncan,kduncan61@ted.com,Female,80.135.254.251,phpbb.com,$25.45,$2586.03
219,Amanda,Jordan,ajordan62@aol.com,Female,139.105.229.62,ovh.net,$18.79,$7398.64
220,Bobby,Garcia,bgarcia63@nih.gov,Male,25.134.92.126,hhs.gov,$97.84,$4492.47
221,Emily,Morgan,emorgan64@mediafire.com,Female,183.75.131.29,slideshare.net,$74.48,$822.65
222,Timothy,Garrett,tgarrett65@comcast.net,Male,103.121.125.81,imdb.com,$15.58,$7140.67
223,Virginia,Wells,vwells66@taobao.com,Female,73.122.140.100,example.com,$134.18,$5642.98
224,Steve,Washington,swashington67@nbcnews.com,Male,97.32.122.156,cornell.edu,$35.77,$5711.60
225,Maria,Phillips,mphillips68@businesswire.com,Female,26.166.227.221,harvard.edu,$129.03,$8338.46
226,Melissa,Robinson,mrobinson69@wix.com,Female,69.19.251.139,histats.com,$114.81,$8716.38
227,Ann,Perez,aperez6a@scientificamerican.com,Female,182.24.173.93,paypal.com,$110.00,$133.42
228,Jennifer,Martin,jmartin6b@dmoz.org,Female,123.129.88.178,taobao.com,$123.10,$181.21
229,Brian,Hall,bhall6c@arizona.edu,Male,89.102.158.0,merriam-webster.com,$82.94,$2269.69
230,Sean,Burton,sburton6d@nationalgeographic.com,Male,19.6.94.154,photobucket.com,$16.48,$7920.90
231,Maria,Tucker,mtucker6e@phoca.cz,Female,32.132.111.189,cdc.gov,$54.22,$7182.26
232,Carlos,Jordan,cjordan6f@china.com.cn,Male,96.186.33.11,businessinsider.com,$78.22,$6326.56
233,Susan,Morales,smorales6g@eventbrite.com,Female,212.179.181.99,themeforest.net,$13.98,$9127.65
234,Lawrence,Ellis,lellis6h@bloglines.com,Male,248.255.230.248,narod.ru,$91.12,$2649.79
235,Brian,Martinez,bmartinez6i@zimbio.com,Male,186.89.210.121,unicef.org,$96.93,$6927.55
236,Shirley,Carter,scarter6j@abc.net.au,Female,109.169.67.137,unc.edu,$27.43,$6362.97
237,Arthur,Wilson,awilson6k@va.gov,Male,76.101.125.9,nsw.gov.au,$83.73,$1780.62
238,Rose,Morris,rmorris6l@yolasite.com,Female,207.220.187.42,rambler.ru,$125.90,$9794.79
239,Susan,Romero,sromero6m@hubpages.com,Female,224.123.84.95,unesco.org,$114.02,$7992.38
240,Daniel,Burton,dburton6n@noaa.gov,Male,163.162.229.19,webs.com,$81.06,$161.36
241,Sara,Spencer,sspencer6o@g.co,Female,237.170.75.62,zdnet.com,$96.43,$1570.11
242,Thomas,Schmidt,tschmidt6p@amazon.co.uk,Male,50.206.121.252,mapquest.com,$49.34,$2962.62
243,Jacqueline,Williamson,jwilliamson6q@harvard.edu,Female,122.239.199.23,cbslocal.com,$68.06,$7723.34
244,Paula,Fisher,pfisher6r@goo.ne.jp,Female,114.178.215.166,pen.io,$121.05,$8881.65
245,Karen,Patterson,kpatterson6s@bbc.co.uk,Female,139.29.96.175,nature.com,$103.17,$5924.27
246,Arthur,Scott,ascott6t@hc360.com,Male,75.215.108.103,hao123.com,$110.93,$1105.95
247,Alan,Payne,apayne6u@elpais.com,Male,60.209.162.19,ucoz.ru,$147.13,$6715.58
248,Rachel,Montgomery,rmontgomery6v@salon.com,Female,121.242.183.145,ft.com,$94.43,$401.17
249,Jessica,Fowler,jfowler6w@jalbum.net,Female,140.234.231.171,wiley.com,$135.95,$2970.62
250,Pamela,Bennett,pbennett6x@tuttocitta.it,Female,123.58.144.95,ocn.ne.jp,$58.12,$4286.31
251,Philip,Ferguson,pferguson6y@baidu.com,Male,57.76.219.186,nifty.com,$67.75,$131.59
252,Eric,Pierce,epierce6z@infoseek.co.jp,Male,197.193.138.233,yale.edu,$22.29,$1249.21
253,Jeremy,Ramos,jramos70@ed.gov,Male,153.175.102.208,about.com,$96.07,$3703.01
254,Jeffrey,Wallace,jwallace71@dell.com,Male,218.85.253.254,studiopress.com,$113.86,$1340.80
255,Janet,Evans,jevans72@spiegel.de,Female,30.34.60.123,biblegateway.com,$66.09,$3663.36
256,Benjamin,Clark,bclark73@cdc.gov,Male,249.29.87.185,time.com,$114.39,$1115.64
257,Phyllis,Ellis,pellis74@prnewswire.com,Female,31.36.108.11,webs.com,$71.57,$7074.48
258,Lisa,Garrett,lgarrett75@over-blog.com,Female,243.63.158.123,phoca.cz,$114.35,$7796.80
259,Edward,Patterson,epatterson76@umn.edu,Male,76.117.65.14,opera.com,$25.47,$163.29
260,Heather,Hicks,hhicks77@nydailynews.com,Female,178.143.183.75,senate.gov,$29.06,$782.25
261,Joe,Olson,jolson78@umich.edu,Male,12.87.233.35,ustream.tv,$143.22,$5014.22
262,Antonio,Wagner,awagner79@howstuffworks.com,Male,157.38.50.210,canalblog.com,$110.19,$5918.94
263,Frank,Hanson,fhanson7a@mysql.com,Male,52.229.222.199,geocities.com,$69.80,$5567.91
264,Theresa,Griffin,tgriffin7b@newsvine.com,Female,170.61.4.128,csmonitor.com,$138.79,$4728.55
265,Annie,Cook,acook7c@netlog.com,Female,110.245.208.200,ow.ly,$33.93,$2247.50
266,Willie,Jordan,wjordan7d@themeforest.net,Male,103.248.167.227,1688.com,$125.05,$8710.42
267,Kimberly,Day,kday7e@ameblo.jp,Female,0.11.23.216,dedecms.com,$79.56,$391.52
268,Evelyn,Sims,esims7f@illinois.edu,Female,230.240.102.103,nifty.com,$76.96,$1216.05
269,Mark,Myers,mmyers7g@istockphoto.com,Male,50.162.152.83,cornell.edu,$104.65,$7017.92
270,Wayne,Gordon,wgordon7h@soundcloud.com,Male,118.76.46.106,blog.com,$26.21,$3851.32
271,Juan,Henderson,jhenderson7i@nba.com,Male,61.97.31.25,nbcnews.com,$138.68,$8048.27
272,Amanda,Robinson,arobinson7j@globo.com,Female,184.58.20.119,woothemes.com,$37.91,$4601.25
273,Steve,Howell,showell7k@sogou.com,Male,201.35.187.54,cdc.gov,$60.93,$7478.43
274,Cheryl,Scott,cscott7l@google.ru,Female,210.78.45.96,tripod.com,$134.50,$5288.22
275,Christine,Reed,creed7m@oaic.gov.au,Female,77.32.245.17,acquirethisname.com,$87.71,$4708.75
276,Karen,Stevens,kstevens7n@scientificamerican.com,Female,167.174.47.208,cafepress.com,$120.66,$4538.31
277,Barbara,Wells,bwells7o@gravatar.com,Female,84.206.2.28,ebay.com,$100.12,$3370.47
278,David,Graham,dgraham7p@nifty.com,Male,37.156.186.126,clickbank.net,$134.88,$8589.17
279,Mary,Castillo,mcastillo7q@ca.gov,Female,78.34.50.244,accuweather.com,$127.91,$7078.06
280,Frank,Knight,fknight7r@narod.ru,Male,181.109.187.193,nih.gov,$13.88,$1723.31
281,Sandra,Greene,sgreene7s@qq.com,Female,60.237.215.43,wikipedia.org,$89.73,$1278.96
282,Benjamin,Harrison,bharrison7t@nature.com,Male,192.121.215.208,craigslist.org,$123.00,$9321.19
283,Christina,Brooks,cbrooks7u@loc.gov,Female,72.102.57.205,businessinsider.com,$46.10,$1338.09
284,Janet,Hudson,jhudson7v@auda.org.au,Female,173.207.127.204,google.co.uk,$38.94,$5917.38
285,Beverly,Hamilton,bhamilton7w@shop-pro.jp,Female,214.181.211.121,blogtalkradio.com,$62.45,$3946.18
286,Andrea,Robinson,arobinson7x@live.com,Female,126.17.145.88,cam.ac.uk,$28.96,$9977.94
287,Russell,Baker,rbaker7y@over-blog.com,Male,229.35.243.234,cornell.edu,$135.76,$6990.12
288,Kelly,Mason,kmason7z@netlog.com,Female,214.246.213.202,fda.gov,$75.10,$1321.05
289,Norma,Burns,nburns80@dedecms.com,Female,31.29.247.242,elegantthemes.com,$113.78,$3594.03
290,Benjamin,Fisher,bfisher81@simplemachines.org,Male,232.5.20.110,people.com.cn,$61.31,$2110.83
291,Catherine,Barnes,cbarnes82@rediff.com,Female,92.61.18.95,wisc.edu,$149.40,$6176.92
292,Carl,Brown,cbrown83@bandcamp.com,Male,140.85.114.6,msn.com,$117.85,$4874.75
293,Sandra,Jacobs,sjacobs84@g.co,Female,233.132.40.43,washingtonpost.com,$78.44,$9286.60
294,Billy,Cox,bcox85@discuz.net,Male,154.11.3.21,cbc.ca,$97.00,$619.56
295,Jose,Jacobs,jjacobs86@spotify.com,Male,113.15.211.15,discovery.com,$123.48,$306.67
296,Eugene,Phillips,ephillips87@usnews.com,Male,28.163.164.201,blogspot.com,$32.23,$3575.03
297,Kathryn,Robinson,krobinson88@rediff.com,Female,43.79.205.78,miitbeian.gov.cn,$134.08,$9867.72
298,Aaron,Howard,ahoward89@behance.net,Male,68.189.17.113,hao123.com,$29.02,$8964.00
299,Joe,Lane,jlane8a@istockphoto.com,Male,105.231.184.58,home.pl,$74.15,$2387.57
300,Deborah,Carroll,dcarroll8b@reference.com,Female,176.227.26.138,google.com.br,$118.72,$5915.12
301,Maria,Graham,mgraham8c@typepad.com,Female,234.183.8.210,nih.gov,$40.26,$4109.60
302,Elizabeth,Morris,emorris8d@dot.gov,Female,71.139.89.90,goo.gl,$145.28,$120.73
303,Donald,Hawkins,dhawkins8e@github.io,Male,149.166.215.192,yahoo.com,$115.05,$232.90
304,Ann,Dixon,adixon8f@dion.ne.jp,Female,133.0.43.108,odnoklassniki.ru,$36.73,$7598.31
305,Lois,Young,lyoung8g@t.co,Female,186.106.35.52,oaic.gov.au,$107.84,$4594.09
306,Jean,Martinez,jmartinez8h@uol.com.br,Female,96.136.122.45,earthlink.net,$148.92,$8604.79
307,Michelle,Ford,mford8i@baidu.com,Female,214.122.37.39,jiathis.com,$78.13,$198.00
308,Amy,Foster,afoster8j@google.co.jp,Female,12.63.48.209,vimeo.com,$32.19,$3936.18
309,Kenneth,Fisher,kfisher8k@amazonaws.com,Male,147.152.44.42,ca.gov,$60.77,$613.12
310,Jeremy,Weaver,jweaver8l@sciencedaily.com,Male,159.152.227.92,xing.com,$63.11,$1255.02
311,Martin,Ramirez,mramirez8m@europa.eu,Male,15.173.42.36,delicious.com,$84.41,$8852.47
312,Timothy,Mason,tmason8n@qq.com,Male,143.126.186.216,drupal.org,$45.02,$2641.84
313,Janet,Gonzalez,jgonzalez8o@kickstarter.com,Female,251.235.116.209,uiuc.edu,$134.19,$1982.69
314,Joe,Franklin,jfranklin8p@mediafire.com,Male,30.168.88.190,bluehost.com,$64.98,$1644.75
315,Terry,Harrison,tharrison8q@techcrunch.com,Male,216.24.84.233,yolasite.com,$122.66,$2316.53
316,Jessica,Harvey,jharvey8r@dropbox.com,Female,137.201.161.189,imageshack.us,$70.81,$2779.97
317,Sharon,Garrett,sgarrett8s@nyu.edu,Female,45.204.141.21,mysql.com,$139.88,$9052.36
318,Helen,Perry,hperry8t@disqus.com,Female,22.10.104.200,apple.com,$83.40,$7472.40
319,Howard,Fisher,hfisher8u@163.com,Male,33.152.2.43,seattletimes.com,$22.40,$3429.80
320,Kenneth,Mendoza,kmendoza8v@constantcontact.com,Male,74.220.16.40,biblegateway.com,$14.06,$7622.18
321,Alan,Mills,amills8w@businesswire.com,Male,37.156.52.17,jimdo.com,$133.80,$7246.39
322,Joshua,Reed,jreed8x@sitemeter.com,Male,0.23.149.3,narod.ru,$16.01,$6388.29
323,Justin,Frazier,jfrazier8y@nationalgeographic.com,Male,115.151.158.158,cornell.edu,$136.00,$8447.12
324,Maria,Johnson,mjohnson8z@bbb.org,Female,86.178.68.216,amazon.de,$25.65,$1757.98
325,Norma,Palmer,npalmer90@samsung.com,Female,52.138.178.124,si.edu,$41.02,$4778.32
326,Robert,Schmidt,rschmidt91@yellowbook.com,Male,55.220.153.76,bbb.org,$98.86,$4151.30
327,Bruce,Porter,bporter92@marriott.com,Male,136.132.39.246,dagondesign.com,$88.32,$5419.16
328,Kathryn,Hart,khart93@google.it,Female,88.203.245.91,oracle.com,$140.05,$7846.34
329,Bobby,Austin,baustin94@china.com.cn,Male,170.175.106.109,domainmarket.com,$83.98,$8796.77
330,Kathy,Warren,kwarren95@deliciousdays.com,Female,65.28.187.159,artisteer.com,$27.91,$5983.53
331,Antonio,Washington,awashington96@unc.edu,Male,226.235.188.134,cbsnews.com,$64.19,$1678.50
332,Charles,Brown,cbrown97@ox.ac.uk,Male,115.55.233.141,sina.com.cn,$63.05,$4357.76
333,Carlos,Fields,cfields98@twitter.com,Male,163.52.7.34,icq.com,$41.69,$7995.26
334,Maria,Knight,mknight99@netvibes.com,Female,178.146.68.89,oakley.com,$62.11,$9722.87
335,Victor,Brooks,vbrooks9a@wikia.com,Male,71.15.98.98,gnu.org,$37.56,$4624.74
336,Aaron,Bennett,abennett9b@mashable.com,Male,76.222.253.31,ucoz.ru,$104.84,$1706.85
337,Cheryl,Garcia,cgarcia9c@mozilla.com,Female,84.39.53.79,webs.com,$109.15,$4930.45
338,Earl,Hernandez,ehernandez9d@webnode.com,Male,243.208.113.59,rediff.com,$13.86,$1247.49
339,Carolyn,Bryant,cbryant9e@reuters.com,Female,67.26.179.77,scribd.com,$144.70,$4577.18
340,Janice,Freeman,jfreeman9f@google.ru,Female,1.125.85.92,linkedin.com,$143.32,$7711.43
341,Rose,Snyder,rsnyder9g@rakuten.co.jp,Female,96.136.191.201,ted.com,$87.54,$6478.21
342,Shirley,Coleman,scoleman9h@ycombinator.com,Female,84.61.172.22,a8.net,$109.76,$5418.26
343,Judy,Bradley,jbradley9i@skype.com,Female,67.119.22.175,xinhuanet.com,$78.54,$4834.32
344,Martin,Parker,mparker9j@wufoo.com,Male,180.84.59.173,bbb.org,$109.67,$7614.39
345,Evelyn,Porter,eporter9k@ezinearticles.com,Female,129.185.24.65,exblog.jp,$142.02,$2238.55
346,Karen,White,kwhite9l@businesswire.com,Female,213.67.177.200,intel.com,$28.29,$5596.82
347,Wanda,Gordon,wgordon9m@csmonitor.com,Female,32.203.25.96,shinystat.com,$139.55,$8043.83
348,Kimberly,Montgomery,kmontgomery9n@dmoz.org,Female,66.214.85.89,devhub.com,$146.82,$8585.56
349,Jacqueline,Fuller,jfuller9o@rakuten.co.jp,Female,151.61.86.222,home.pl,$40.44,$343.59
350,Pamela,Taylor,ptaylor9p@xrea.com,Female,182.112.236.232,nasa.gov,$42.70,$7522.63
351,Brandon,Woods,bwoods9q@cbslocal.com,Male,79.25.176.47,theguardian.com,$68.18,$2516.69
352,Robin,Shaw,rshaw9r@jugem.jp,Female,58.7.111.143,hp.com,$93.84,$4241.39
353,Jeremy,Jackson,jjackson9s@google.ru,Male,181.47.186.208,newyorker.com,$86.94,$4765.57
354,Robert,Burke,rburke9t@wired.com,Male,7.150.122.69,webnode.com,$107.57,$7049.49
355,Albert,Tucker,atucker9u@seesaa.net,Male,65.44.26.145,sogou.com,$136.63,$900.31
356,Aaron,George,ageorge9v@jugem.jp,Male,175.201.127.137,google.ru,$44.04,$8943.27
357,Karen,George,kgeorge9w@kickstarter.com,Female,23.183.216.39,irs.gov,$40.33,$430.67
358,Ralph,Spencer,rspencer9x@usatoday.com,Male,58.22.113.140,go.com,$145.96,$7492.87
359,Donald,Matthews,dmatthews9y@toplist.cz,Male,11.25.56.21,over-blog.com,$105.42,$2185.70
360,Karen,Murray,kmurray9z@java.com,Female,132.152.234.183,cloudflare.com,$89.79,$1602.29
361,Theresa,Ellis,tellisa0@t-online.de,Female,186.80.20.65,surveymonkey.com,$70.32,$9726.20
362,Jonathan,Olson,jolsona1@about.me,Male,44.57.20.255,aboutads.info,$92.12,$9335.44
363,Bobby,Cole,bcolea2@soup.io,Male,119.72.14.132,mit.edu,$17.47,$2715.66
364,Harry,Anderson,handersona3@wsj.com,Male,251.141.254.15,prlog.org,$137.81,$5221.97
365,Timothy,Ellis,tellisa4@reddit.com,Male,67.75.135.57,china.com.cn,$138.24,$819.35
366,Janet,Day,jdaya5@wikispaces.com,Female,244.126.243.200,icq.com,$146.13,$6643.29
367,Betty,Sims,bsimsa6@discuz.net,Female,235.51.183.136,sogou.com,$111.63,$6079.71
368,Phillip,Fuller,pfullera7@reddit.com,Male,110.116.23.183,mozilla.com,$91.81,$9898.89
369,Shirley,Perez,spereza8@infoseek.co.jp,Female,67.126.230.192,apache.org,$143.55,$8771.83
370,Kelly,Franklin,kfranklina9@guardian.co.uk,Female,151.114.192.84,nbcnews.com,$95.33,$1704.93
371,Kelly,Reynolds,kreynoldsaa@rediff.com,Female,86.42.213.203,ocn.ne.jp,$80.85,$4481.71
372,Steven,Stanley,sstanleyab@yelp.com,Male,3.236.68.130,cloudflare.com,$148.06,$3280.71
373,Harry,Rodriguez,hrodriguezac@state.tx.us,Male,182.229.95.41,printfriendly.com,$143.06,$195.03
374,Phillip,Cole,pcolead@ask.com,Male,154.49.65.79,reverbnation.com,$16.97,$7133.74
375,Martha,Marshall,mmarshallae@e-recht24.de,Female,194.78.84.156,zdnet.com,$117.00,$7475.35
376,Julia,Tucker,jtuckeraf@mtv.com,Female,207.104.65.185,ucsd.edu,$75.28,$2336.23
377,Alan,Collins,acollinsag@comsenz.com,Male,124.192.147.227,vkontakte.ru,$20.62,$138.78
378,Eric,Garza,egarzaah@amazon.de,Male,1.78.223.56,facebook.com,$95.78,$3168.41
379,Gloria,Spencer,gspencerai@tripod.com,Female,214.66.107.206,desdev.cn,$56.91,$4103.46
380,Patrick,Reynolds,preynoldsaj@miibeian.gov.cn,Male,82.247.75.186,disqus.com,$64.91,$1733.29
381,Brenda,Garza,bgarzaak@lycos.com,Female,161.51.97.5,edublogs.org,$56.46,$6312.18
382,William,Watkins,wwatkinsal@cam.ac.uk,Male,153.231.117.93,bluehost.com,$31.10,$1673.11
383,Jeremy,Ross,jrossam@rakuten.co.jp,Male,205.68.175.246,upenn.edu,$115.57,$3275.93
384,Marie,Butler,mbutleran@japanpost.jp,Female,217.163.222.147,amazon.co.uk,$32.28,$5150.69
385,Diana,Gibson,dgibsonao@photobucket.com,Female,167.24.10.190,multiply.com,$62.98,$5147.16
386,Harold,Banks,hbanksap@home.pl,Male,198.206.244.161,slashdot.org,$89.08,$6635.63
387,Joyce,Thompson,jthompsonaq@pbs.org,Female,117.91.162.214,google.fr,$77.86,$1531.26
388,Gloria,Torres,gtorresar@dell.com,Female,44.113.53.143,altervista.org,$27.22,$5807.58
389,George,Harper,gharperas@fastcompany.com,Male,234.106.95.222,vistaprint.com,$135.09,$7613.41
390,Eugene,Gibson,egibsonat@harvard.edu,Male,184.205.93.179,google.com.au,$83.03,$9069.19
391,Louis,Hicks,lhicksau@com.com,Male,82.104.49.19,paypal.com,$20.58,$6192.89
392,Doris,Gonzalez,dgonzalezav@biblegateway.com,Female,47.226.20.233,samsung.com,$30.10,$262.47
393,Ruby,Phillips,rphillipsaw@bravesites.com,Female,86.72.240.81,e-recht24.de,$36.27,$5556.63
394,Martin,Medina,mmedinaax@blog.com,Male,205.158.180.78,tamu.edu,$126.55,$2792.50
395,Paula,Morgan,pmorganay@sogou.com,Female,200.214.236.158,soundcloud.com,$122.17,$972.18
396,Joyce,Johnson,jjohnsonaz@google.es,Female,168.90.235.58,weebly.com,$12.11,$7336.01
397,Albert,Gomez,agomezb0@engadget.com,Male,185.69.214.71,oracle.com,$107.57,$5450.54
398,Jesse,Washington,jwashingtonb1@php.net,Male,155.81.247.30,ftc.gov,$128.92,$2906.44
399,Stephen,Nguyen,snguyenb2@slashdot.org,Male,140.86.191.22,geocities.jp,$14.78,$1430.67
400,Rachel,Roberts,rrobertsb3@ocn.ne.jp,Female,47.56.135.15,ning.com,$90.30,$4672.68
401,Catherine,Parker,cparkerb4@google.co.jp,Female,51.95.241.156,furl.net,$124.95,$5488.78
402,Andrea,Sanchez,asanchezb5@businesswire.com,Female,176.184.191.186,usa.gov,$27.21,$423.53
403,Lisa,Foster,lfosterb6@twitpic.com,Female,183.185.186.189,addtoany.com,$15.87,$2288.62
404,Jacqueline,Ray,jrayb7@nba.com,Female,212.147.173.104,discuz.net,$102.75,$6441.24
405,Jose,Jenkins,jjenkinsb8@ted.com,Male,43.82.146.140,google.co.jp,$137.58,$3374.82
406,Adam,Daniels,adanielsb9@bbb.org,Male,156.95.13.148,irs.gov,$85.80,$8039.07
407,Emily,Andrews,eandrewsba@blogtalkradio.com,Female,244.89.106.178,yolasite.com,$147.48,$9048.16
408,Benjamin,Williams,bwilliamsbb@imgur.com,Male,80.245.15.171,uol.com.br,$46.92,$2563.41
409,Gregory,Mason,gmasonbc@mtv.com,Male,185.113.52.210,nih.gov,$95.82,$1612.24
410,Ralph,Wilson,rwilsonbd@oaic.gov.au,Male,127.141.251.230,usda.gov,$135.94,$3844.14
411,Raymond,Griffin,rgriffinbe@biglobe.ne.jp,Male,20.231.44.75,cmu.edu,$142.88,$9273.37
412,Chris,Morales,cmoralesbf@boston.com,Male,143.231.242.45,chronoengine.com,$12.42,$398.20
413,Bruce,Perkins,bperkinsbg@multiply.com,Male,177.95.144.1,technorati.com,$83.46,$3337.50
414,Andrew,Dixon,adixonbh@google.nl,Male,137.247.95.117,ow.ly,$134.26,$3004.52
415,Louis,Elliott,lelliottbi@nsw.gov.au,Male,74.93.3.185,google.ru,$144.33,$6757.15
416,Angela,Richardson,arichardsonbj@theatlantic.com,Female,43.154.2.217,mozilla.org,$112.60,$3657.69
417,Jerry,Wheeler,jwheelerbk@unesco.org,Male,227.36.95.248,dion.ne.jp,$62.05,$7257.64
418,Nancy,Hall,nhallbl@bloomberg.com,Female,30.126.174.116,macromedia.com,$59.19,$5786.19
419,Jacqueline,Graham,jgrahambm@economist.com,Female,210.112.237.82,indiatimes.com,$115.92,$9055.55
420,Justin,Walker,jwalkerbn@goo.ne.jp,Male,179.110.104.89,elpais.com,$107.19,$7109.26
421,Karen,Dean,kdeanbo@deviantart.com,Female,216.148.40.118,ihg.com,$116.86,$2934.48
422,Eric,Edwards,eedwardsbp@symantec.com,Male,144.156.80.206,networkadvertising.org,$100.89,$9391.89
423,Jeffrey,Gardner,jgardnerbq@sun.com,Male,67.184.243.134,vk.com,$133.45,$4785.12
424,Anne,Morgan,amorganbr@howstuffworks.com,Female,9.215.118.78,arizona.edu,$41.14,$6964.39
425,Melissa,Mccoy,mmccoybs@yellowpages.com,Female,207.117.209.241,zdnet.com,$107.25,$2805.52
426,Louis,Johnston,ljohnstonbt@canalblog.com,Male,115.53.27.40,weibo.com,$110.18,$8376.50
427,Adam,Stone,astonebu@altervista.org,Male,252.150.197.161,51.la,$30.44,$9639.62
428,Nancy,Roberts,nrobertsbv@studiopress.com,Female,41.215.132.4,timesonline.co.uk,$92.03,$2860.25
429,Kathleen,Williams,kwilliamsbw@apache.org,Female,113.181.250.22,tripadvisor.com,$130.79,$1639.81
430,Catherine,Cooper,ccooperbx@bloglovin.com,Female,215.162.23.86,homestead.com,$70.55,$7292.34
431,Judy,Harper,jharperby@comcast.net,Female,47.213.76.184,google.es,$45.51,$1325.02
432,Joan,Bailey,jbaileybz@tmall.com,Female,44.115.126.237,wikipedia.org,$69.20,$9005.64
433,Paula,Cruz,pcruzc0@engadget.com,Female,199.27.39.90,slideshare.net,$94.41,$1520.09
434,Frances,Edwards,fedwardsc1@yahoo.com,Female,57.167.228.249,cdc.gov,$148.47,$4809.14
435,Diane,Jordan,djordanc2@github.com,Female,73.205.208.154,netlog.com,$147.13,$7329.08
436,Lillian,Ramos,lramosc3@unc.edu,Female,64.70.45.111,china.com.cn,$145.23,$7721.28
437,Robert,Ward,rwardc4@columbia.edu,Male,238.89.63.99,slashdot.org,$92.47,$6027.45
438,Lillian,Alexander,lalexanderc5@intel.com,Female,119.171.67.206,t.co,$135.95,$1261.69
439,David,Jones,djonesc6@people.com.cn,Male,219.226.113.144,acquirethisname.com,$64.41,$9014.55
440,Samuel,Lee,sleec7@twitter.com,Male,132.156.94.48,google.nl,$32.49,$4100.65
441,Maria,Hicks,mhicksc8@lycos.com,Female,253.90.80.139,g.co,$108.24,$7738.41
442,Donald,Wheeler,dwheelerc9@slideshare.net,Male,235.43.36.155,wunderground.com,$72.74,$8589.13
443,Rebecca,Fields,rfieldsca@networksolutions.com,Female,22.197.196.46,fotki.com,$79.59,$7008.98
444,Arthur,Nichols,anicholscb@comsenz.com,Male,235.34.175.176,baidu.com,$112.31,$8640.96
445,Kimberly,Nichols,knicholscc@auda.org.au,Female,183.130.206.163,cisco.com,$13.99,$1035.95
446,Timothy,Fernandez,tfernandezcd@spiegel.de,Male,154.102.191.215,discovery.com,$118.58,$8107.27
447,Jonathan,Ford,jfordce@geocities.com,Male,66.135.36.64,xrea.com,$17.54,$6480.19
448,George,Stewart,gstewartcf@microsoft.com,Male,58.25.233.139,statcounter.com,$115.91,$1557.93
449,Roy,Barnes,rbarnescg@gravatar.com,Male,244.115.143.24,patch.com,$62.07,$8236.42
450,Tina,Morgan,tmorganch@ifeng.com,Female,214.124.103.158,wunderground.com,$10.74,$2826.33
451,Johnny,Crawford,jcrawfordci@last.fm,Male,247.46.152.139,mapy.cz,$89.57,$6300.05
452,Arthur,Mcdonald,amcdonaldcj@shareasale.com,Male,68.229.112.183,fc2.com,$28.28,$244.05
453,Bobby,Morris,bmorrisck@github.com,Male,231.233.72.187,wikimedia.org,$47.57,$2077.59
454,Martin,Williams,mwilliamscl@simplemachines.org,Male,185.167.232.151,edublogs.org,$105.35,$9558.21
455,Katherine,Carroll,kcarrollcm@webs.com,Female,238.144.159.84,4shared.com,$144.04,$5021.63
456,Roy,Gonzalez,rgonzalezcn@reference.com,Male,35.142.227.133,phoca.cz,$142.54,$5528.68
457,Daniel,Weaver,dweaverco@paypal.com,Male,24.66.142.133,facebook.com,$125.41,$4403.76
458,Jerry,Bryant,jbryantcp@squidoo.com,Male,106.146.237.225,tiny.cc,$102.02,$7777.45
459,Frances,Jenkins,fjenkinscq@ehow.com,Female,164.3.67.214,facebook.com,$134.30,$9616.34
460,Matthew,Pierce,mpiercecr@upenn.edu,Male,162.248.134.33,about.me,$136.07,$7236.08
461,Jesse,Pierce,jpiercecs@over-blog.com,Male,138.175.208.71,storify.com,$94.68,$8087.81
462,Deborah,West,dwestct@virginia.edu,Female,157.222.121.34,ebay.co.uk,$48.58,$4931.43
463,Fred,Boyd,fboydcu@mashable.com,Male,52.15.60.99,patch.com,$86.23,$7039.02
464,Dorothy,Hunt,dhuntcv@dion.ne.jp,Female,112.128.171.225,barnesandnoble.com,$148.58,$6736.82
465,Amy,Mills,amillscw@disqus.com,Female,88.213.161.234,prweb.com,$13.80,$7670.47
466,Julia,Roberts,jrobertscx@biglobe.ne.jp,Female,4.122.8.252,photobucket.com,$100.44,$5391.21
467,Jimmy,Ruiz,jruizcy@google.com.br,Male,32.28.67.196,free.fr,$30.76,$1146.36
468,Patrick,Frazier,pfraziercz@google.com,Male,195.183.7.207,addthis.com,$24.39,$3231.81
469,Maria,Fernandez,mfernandezd0@mac.com,Female,92.52.182.131,vistaprint.com,$88.61,$5466.80
470,Edward,Reynolds,ereynoldsd1@liveinternet.ru,Male,245.208.229.84,people.com.cn,$116.81,$7538.22
471,Richard,Bryant,rbryantd2@google.fr,Male,231.152.232.171,cbc.ca,$84.27,$4879.63
472,Nicholas,Rodriguez,nrodriguezd3@1und1.de,Male,34.13.158.222,opera.com,$140.53,$667.43
473,Martha,Bradley,mbradleyd4@naver.com,Female,51.162.88.146,icio.us,$113.79,$8946.98
474,Lori,Hayes,lhayesd5@ca.gov,Female,196.30.31.201,devhub.com,$143.53,$1368.19
475,Jimmy,Alexander,jalexanderd6@usda.gov,Male,194.219.48.126,cnet.com,$147.58,$4387.92
476,Bobby,Adams,badamsd7@tamu.edu,Male,170.167.170.70,mediafire.com,$117.81,$1243.60
477,Brenda,Kim,bkimd8@yahoo.com,Female,109.220.130.81,gmpg.org,$21.46,$7853.83
478,Stephanie,Hernandez,shernandezd9@cornell.edu,Female,188.180.130.211,cyberchimps.com,$100.91,$3565.34
479,Christina,Hayes,chayesda@odnoklassniki.ru,Female,7.225.125.235,deviantart.com,$55.79,$1320.47
480,Steve,Ford,sforddb@wikipedia.org,Male,91.48.128.175,businesswire.com,$50.32,$6637.95
481,Marie,Lane,mlanedc@uol.com.br,Female,135.33.69.16,newsvine.com,$54.99,$5621.77
482,Earl,Bryant,ebryantdd@domainmarket.com,Male,3.89.75.88,goodreads.com,$29.37,$448.37
483,Joyce,Bradley,jbradleyde@timesonline.co.uk,Female,97.203.59.39,marketwatch.com,$18.73,$8452.91
484,Brian,Meyer,bmeyerdf@plala.or.jp,Male,115.184.30.9,over-blog.com,$106.61,$8038.83
485,Julia,Ray,jraydg@yellowpages.com,Female,88.101.97.191,yellowbook.com,$25.93,$2059.56
486,Heather,Arnold,harnolddh@4shared.com,Female,61.253.162.138,timesonline.co.uk,$39.39,$4649.63
487,Edward,Burke,eburkedi@nsw.gov.au,Male,170.68.85.24,nih.gov,$108.28,$3940.85
488,Joe,Richards,jrichardsdj@flavors.me,Male,13.231.89.108,bravesites.com,$31.83,$5717.00
489,Robert,Thompson,rthompsondk@wikipedia.org,Male,129.110.163.150,ask.com,$40.35,$6225.53
490,Joseph,Hernandez,jhernandezdl@infoseek.co.jp,Male,41.142.47.27,apache.org,$123.53,$4345.59
491,Richard,Jordan,rjordandm@ning.com,Male,100.215.196.156,dell.com,$73.92,$8359.17
492,Roger,Gomez,rgomezdn@flavors.me,Male,64.87.136.150,narod.ru,$62.34,$7487.33
493,Lisa,Marshall,lmarshalldo@myspace.com,Female,201.81.246.112,trellian.com,$42.32,$3563.15
494,Denise,Arnold,darnolddp@discuz.net,Female,88.21.213.128,nydailynews.com,$40.06,$6288.97
495,Helen,Simpson,hsimpsondq@163.com,Female,11.30.165.174,nasa.gov,$105.83,$5863.30
496,Raymond,Alexander,ralexanderdr@washingtonpost.com,Male,135.69.83.170,linkedin.com,$142.48,$5322.98
497,Cynthia,Ryan,cryands@bigcartel.com,Female,173.200.72.178,pcworld.com,$27.98,$7513.87
498,Sarah,Cox,scoxdt@123-reg.co.uk,Female,18.39.66.34,shinystat.com,$48.16,$7073.37
499,Mildred,Fields,mfieldsdu@google.cn,Female,222.192.8.174,booking.com,$71.23,$5805.94
500,Rachel,Larson,rlarsondv@privacy.gov.au,Female,240.144.239.49,imageshack.us,$76.24,$8181.67
501,Patricia,Miller,pmillerdw@shareasale.com,Female,25.37.162.65,bravesites.com,$23.98,$7643.53
502,Phillip,Jenkins,pjenkinsdx@dailymotion.com,Male,188.188.253.129,blogtalkradio.com,$137.60,$9242.94
503,Michelle,Morris,mmorrisdy@devhub.com,Female,226.122.89.58,instagram.com,$11.80,$9895.01
504,Marilyn,Greene,mgreenedz@blog.com,Female,222.235.243.211,latimes.com,$55.40,$4843.49
505,Amy,Phillips,aphillipse0@mapquest.com,Female,223.229.209.216,dailymail.co.uk,$60.48,$9008.17
506,Tammy,Ruiz,truize1@usa.gov,Female,71.136.218.178,wikispaces.com,$123.44,$8180.48
507,David,Hanson,dhansone2@webeden.co.uk,Male,244.248.192.94,dell.com,$85.67,$722.73
508,Kenneth,Watson,kwatsone3@51.la,Male,87.53.101.66,cafepress.com,$18.00,$2070.22
509,Diane,Arnold,darnolde4@altervista.org,Female,15.2.92.15,bravesites.com,$55.48,$4321.44
510,Amanda,Reynolds,areynoldse5@chronoengine.com,Female,25.109.108.213,linkedin.com,$129.87,$617.54
511,Dennis,White,dwhitee6@infoseek.co.jp,Male,182.226.124.15,prnewswire.com,$20.02,$8555.05
512,Patrick,Hawkins,phawkinse7@home.pl,Male,152.3.187.172,people.com.cn,$114.54,$4436.25
513,Gregory,Mccoy,gmccoye8@netlog.com,Male,108.71.164.108,weibo.com,$61.79,$3888.49
514,Carol,Miller,cmillere9@ovh.net,Female,55.23.156.29,photobucket.com,$124.52,$3267.63
515,Lawrence,Barnes,lbarnesea@chronoengine.com,Male,134.187.77.99,imdb.com,$133.95,$8645.47
516,Adam,Gardner,agardnereb@loc.gov,Male,191.221.47.173,hexun.com,$143.54,$5497.43
517,Janice,Davis,jdavisec@spiegel.de,Female,179.106.243.224,whitehouse.gov,$150.00,$7842.62
518,Stephanie,Howell,showelled@gnu.org,Female,43.237.43.127,smh.com.au,$83.98,$7202.70
519,Sean,Greene,sgreeneee@wix.com,Male,48.168.38.160,tiny.cc,$100.31,$233.93
520,Jeremy,Cook,jcookef@angelfire.com,Male,218.13.238.211,ifeng.com,$26.02,$776.52
521,Michael,Sullivan,msullivaneg@amazon.com,Male,136.60.11.67,webeden.co.uk,$42.72,$6808.51
522,Craig,Jordan,cjordaneh@bbc.co.uk,Male,139.15.181.69,chicagotribune.com,$130.12,$5866.61
523,Julie,Johnston,jjohnstonei@163.com,Female,92.129.248.182,archive.org,$127.74,$9265.30
524,Stephanie,Austin,saustinej@nasa.gov,Female,130.80.45.85,barnesandnoble.com,$85.55,$1750.89
525,Anne,Frazier,afrazierek@privacy.gov.au,Female,113.91.138.14,delicious.com,$47.38,$3277.98
526,Albert,Hart,ahartel@drupal.org,Male,204.228.99.244,upenn.edu,$61.79,$1962.51
527,Gregory,Fields,gfieldsem@google.ru,Male,178.4.6.126,house.gov,$129.93,$2876.11
528,Stephen,James,sjamesen@yahoo.co.jp,Male,69.146.204.78,yellowbook.com,$122.80,$7441.77
529,Anthony,Nichols,anicholseo@marketwatch.com,Male,85.40.118.173,oracle.com,$51.09,$6315.91
530,Louise,Brown,lbrownep@livejournal.com,Female,89.48.235.203,joomla.org,$71.29,$5393.07
531,Janet,Romero,jromeroeq@infoseek.co.jp,Female,104.232.103.133,gmpg.org,$107.79,$7395.24
532,Ashley,Grant,agranter@ask.com,Female,254.225.28.191,51.la,$129.73,$5815.45
533,Maria,Payne,mpaynees@jiathis.com,Female,20.64.4.0,answers.com,$49.49,$4763.86
534,Cynthia,Jenkins,cjenkinset@nih.gov,Female,11.238.226.208,behance.net,$92.21,$5519.13
535,Jimmy,Snyder,jsnydereu@sohu.com,Male,158.205.180.150,paypal.com,$85.31,$6908.02
536,Martin,Snyder,msnyderev@independent.co.uk,Male,205.22.55.226,technorati.com,$78.06,$1446.93
537,Annie,Jordan,ajordanew@xing.com,Female,148.80.147.115,cbsnews.com,$22.67,$2119.75
538,Debra,Larson,dlarsonex@theglobeandmail.com,Female,255.80.114.51,jugem.jp,$81.44,$4095.38
539,Jerry,Lane,jlaneey@elpais.com,Male,101.212.206.70,mapquest.com,$108.21,$758.58
540,Emily,Castillo,ecastilloez@eventbrite.com,Female,21.170.151.91,weebly.com,$69.58,$2603.08
541,Rachel,Mitchell,rmitchellf0@pagesperso-orange.fr,Female,164.66.89.47,loc.gov,$93.85,$6709.54
542,Joshua,Robinson,jrobinsonf1@gov.uk,Male,175.105.128.221,ezinearticles.com,$24.50,$7512.66
543,Jeffrey,Fields,jfieldsf2@barnesandnoble.com,Male,177.95.207.18,sciencedirect.com,$26.64,$931.27
544,Nicole,Armstrong,narmstrongf3@drupal.org,Female,139.43.169.167,skyrock.com,$27.01,$5984.05
545,Carlos,Harvey,charveyf4@meetup.com,Male,20.184.249.22,archive.org,$143.55,$6666.61
546,Amy,Foster,afosterf5@imageshack.us,Female,78.106.20.34,usatoday.com,$90.17,$2609.62
547,Kathleen,Oliver,koliverf6@gnu.org,Female,225.33.93.13,nps.gov,$58.03,$9732.81
548,Janice,Henry,jhenryf7@tmall.com,Female,125.197.41.32,tamu.edu,$35.47,$8245.15
549,Annie,Spencer,aspencerf8@answers.com,Female,224.2.71.75,privacy.gov.au,$97.34,$3350.74
550,Christine,Bennett,cbennettf9@intel.com,Female,242.114.152.152,tinypic.com,$27.86,$2688.91
551,Steven,Palmer,spalmerfa@cbsnews.com,Male,103.92.197.181,bbc.co.uk,$139.50,$6670.86
552,Shirley,Hicks,shicksfb@earthlink.net,Female,47.0.28.54,nytimes.com,$83.98,$8932.31
553,Donna,Stephens,dstephensfc@cbsnews.com,Female,200.237.199.86,de.vu,$127.37,$1644.33
554,Antonio,Dunn,adunnfd@nydailynews.com,Male,13.16.247.73,blogs.com,$81.90,$4314.75
555,Steve,Reyes,sreyesfe@arstechnica.com,Male,64.96.225.167,google.pl,$89.73,$5972.17
556,Lawrence,Howard,lhowardff@google.co.jp,Male,123.157.100.131,cbc.ca,$50.23,$983.13
557,Patricia,Reed,preedfg@biglobe.ne.jp,Female,242.134.65.188,studiopress.com,$18.85,$5098.27
558,Carl,Simmons,csimmonsfh@sohu.com,Male,131.191.240.63,dion.ne.jp,$120.28,$3003.08
559,Alan,Davis,adavisfi@nba.com,Male,170.255.33.70,smh.com.au,$134.52,$2525.77
560,Joshua,Knight,jknightfj@about.com,Male,225.104.145.116,constantcontact.com,$105.75,$1315.90
561,Anne,Cole,acolefk@reddit.com,Female,195.149.179.111,telegraph.co.uk,$126.66,$385.93
562,Stephanie,Mcdonald,smcdonaldfl@tiny.cc,Female,140.165.226.53,godaddy.com,$135.89,$589.29
563,Henry,Fernandez,hfernandezfm@answers.com,Male,182.217.60.252,miitbeian.gov.cn,$76.56,$3311.31
564,Kathy,Moore,kmoorefn@sohu.com,Female,189.252.107.113,geocities.jp,$77.59,$2515.16
565,Patrick,Willis,pwillisfo@hp.com,Male,184.188.154.218,dailymail.co.uk,$95.32,$4650.84
566,Keith,Palmer,kpalmerfp@chron.com,Male,69.25.211.29,artisteer.com,$111.74,$7365.55
567,Steve,Washington,swashingtonfq@ustream.tv,Male,104.44.87.115,blogtalkradio.com,$70.49,$9070.87
568,Eric,Freeman,efreemanfr@tumblr.com,Male,225.120.211.200,domainmarket.com,$136.81,$9605.48
569,Teresa,Rogers,trogersfs@ehow.com,Female,177.84.37.142,examiner.com,$134.52,$2059.96
570,Terry,Hayes,thayesft@mozilla.com,Male,156.173.28.100,imageshack.us,$98.06,$953.11
571,Heather,Ruiz,hruizfu@yellowbook.com,Female,113.99.247.98,usgs.gov,$31.89,$988.14
572,Jonathan,Vasquez,jvasquezfv@princeton.edu,Male,152.252.207.117,apache.org,$81.29,$4401.26
573,Robert,Fernandez,rfernandezfw@mlb.com,Male,249.153.174.233,guardian.co.uk,$118.40,$4893.90
574,Judith,Marshall,jmarshallfx@taobao.com,Female,191.12.199.250,cbc.ca,$118.45,$5327.29
575,Jimmy,Mitchell,jmitchellfy@mashable.com,Male,248.88.202.180,house.gov,$50.68,$8806.75
576,Margaret,Austin,maustinfz@mail.ru,Female,83.205.220.32,cnet.com,$90.17,$7781.70
577,Amy,Jordan,ajordang0@miitbeian.gov.cn,Female,20.237.81.32,sfgate.com,$112.11,$1127.60
578,Keith,Meyer,kmeyerg1@constantcontact.com,Male,47.213.142.3,so-net.ne.jp,$100.02,$3025.40
579,Julie,Morrison,jmorrisong2@bigcartel.com,Female,226.69.50.130,scientificamerican.com,$60.13,$130.39
580,Doris,Henry,dhenryg3@seattletimes.com,Female,121.235.233.96,amazon.de,$21.53,$1667.70
581,Janet,West,jwestg4@blog.com,Female,221.157.134.255,weebly.com,$130.13,$1767.67
582,Lisa,Turner,lturnerg5@vinaora.com,Female,121.68.175.124,noaa.gov,$111.14,$6989.97
583,Anna,Peters,apetersg6@angelfire.com,Female,179.161.138.112,webeden.co.uk,$45.99,$9573.82
584,Margaret,Ward,mwardg7@virginia.edu,Female,52.60.103.88,github.com,$89.47,$8240.89
585,Kathy,Hunter,khunterg8@disqus.com,Female,196.91.32.105,aboutads.info,$116.97,$3345.66
586,Shirley,Thomas,sthomasg9@topsy.com,Female,26.3.29.70,usnews.com,$137.06,$8338.33
587,Evelyn,Powell,epowellga@wikispaces.com,Female,3.104.245.127,e-recht24.de,$48.85,$9581.55
588,Emily,Freeman,efreemangb@loc.gov,Female,214.180.94.97,gravatar.com,$139.79,$2764.86
589,Edward,Woods,ewoodsgc@google.pl,Male,231.132.91.89,arizona.edu,$87.26,$5136.73
590,Harold,Robertson,hrobertsongd@cdbaby.com,Male,164.65.180.15,kickstarter.com,$127.80,$8625.78
591,Walter,Carter,wcarterge@dot.gov,Male,182.81.71.115,digg.com,$22.84,$9000.05
592,Adam,Andrews,aandrewsgf@usatoday.com,Male,151.245.161.59,meetup.com,$139.54,$7389.07
593,Christine,Henderson,chendersongg@blinklist.com,Female,202.233.246.12,deliciousdays.com,$128.92,$3044.04
594,Catherine,Dixon,cdixongh@symantec.com,Female,41.30.144.69,blogs.com,$116.57,$2272.42
595,Karen,Willis,kwillisgi@1und1.de,Female,124.151.109.3,networksolutions.com,$124.14,$847.23
596,Beverly,Smith,bsmithgj@vistaprint.com,Female,224.6.95.67,tuttocitta.it,$87.87,$2605.97
597,David,Perry,dperrygk@lulu.com,Male,82.233.17.169,omniture.com,$102.37,$272.39
598,Emily,Sanchez,esanchezgl@1und1.de,Female,82.165.65.71,reddit.com,$138.29,$7354.26
599,Phillip,Oliver,polivergm@ebay.com,Male,48.203.41.77,hostgator.com,$138.30,$4691.89
600,Christina,Vasquez,cvasquezgn@bing.com,Female,107.61.183.211,artisteer.com,$15.40,$4847.39
601,Anna,Daniels,adanielsgo@instagram.com,Female,151.13.190.60,wisc.edu,$128.01,$7899.64
602,Linda,Reynolds,lreynoldsgp@phpbb.com,Female,78.251.13.183,fastcompany.com,$62.31,$9909.75
603,Mildred,Phillips,mphillipsgq@pinterest.com,Female,237.185.133.63,miitbeian.gov.cn,$49.39,$7581.06
604,Johnny,Morrison,jmorrisongr@yellowpages.com,Male,108.150.207.53,taobao.com,$46.16,$589.70
605,Clarence,Ortiz,cortizgs@example.com,Male,248.84.57.63,1und1.de,$122.88,$1698.89
606,Maria,Clark,mclarkgt@reuters.com,Female,239.34.199.27,cyberchimps.com,$80.56,$5126.50
607,Judy,Reid,jreidgu@weibo.com,Female,89.237.11.252,technorati.com,$94.64,$1760.99
608,Michael,Morris,mmorrisgv@oaic.gov.au,Male,20.12.255.171,privacy.gov.au,$123.56,$2448.12
609,Nicole,Collins,ncollinsgw@ft.com,Female,173.148.61.18,wix.com,$85.79,$254.31
610,Jeffrey,Morales,jmoralesgx@theatlantic.com,Male,162.139.9.84,lycos.com,$31.36,$8881.68
611,Judith,Williams,jwilliamsgy@domainmarket.com,Female,207.44.148.124,redcross.org,$20.13,$979.31
612,Eric,Black,eblackgz@un.org,Male,80.27.82.187,bizjournals.com,$112.49,$1616.69
613,Kenneth,Castillo,kcastilloh0@prweb.com,Male,99.2.63.55,dyndns.org,$53.49,$9167.40
614,Amy,Gibson,agibsonh1@cloudflare.com,Female,225.210.109.56,about.me,$95.30,$1561.63
615,Billy,Moore,bmooreh2@home.pl,Male,31.30.211.238,feedburner.com,$88.22,$6081.04
616,Phillip,Baker,pbakerh3@comsenz.com,Male,224.90.51.208,cisco.com,$76.04,$9510.27
617,Sandra,Gibson,sgibsonh4@auda.org.au,Female,87.235.128.46,dell.com,$118.37,$3566.61
618,Linda,Boyd,lboydh5@unblog.fr,Female,146.31.157.156,archive.org,$26.99,$8241.80
619,Ruby,Ellis,rellish6@newsvine.com,Female,160.240.155.55,fotki.com,$88.80,$1631.34
620,Paul,Stone,pstoneh7@diigo.com,Male,64.161.85.159,smh.com.au,$59.10,$9162.53
621,Martin,Weaver,mweaverh8@hexun.com,Male,120.142.184.194,accuweather.com,$77.11,$6549.89
622,John,Rogers,jrogersh9@cyberchimps.com,Male,148.43.161.57,wix.com,$53.96,$3467.46
623,Jesse,Fowler,jfowlerha@google.ru,Male,116.238.54.172,etsy.com,$147.19,$6572.91
624,Alan,Payne,apaynehb@yelp.com,Male,11.107.35.91,unc.edu,$56.88,$8913.31
625,Anne,Reed,areedhc@imdb.com,Female,163.33.240.164,berkeley.edu,$60.74,$3820.97
626,Phyllis,Hunter,phunterhd@creativecommons.org,Female,42.69.4.170,webs.com,$66.22,$3325.44
627,Diane,Cunningham,dcunninghamhe@buzzfeed.com,Female,121.33.185.254,jigsy.com,$114.00,$7739.47
628,Julia,Chapman,jchapmanhf@jigsy.com,Female,94.135.9.69,miitbeian.gov.cn,$11.93,$9934.32
629,Kelly,Davis,kdavishg@nih.gov,Female,159.128.116.38,goodreads.com,$59.46,$8492.62
630,Jesse,Boyd,jboydhh@netvibes.com,Male,246.15.211.109,alibaba.com,$120.14,$317.46
631,Julia,Cook,jcookhi@google.com,Female,46.17.81.12,zimbio.com,$118.64,$7563.91
632,Jesse,Bailey,jbaileyhj@google.pl,Male,200.166.31.224,techcrunch.com,$91.91,$9617.23
633,Rachel,Collins,rcollinshk@1688.com,Female,250.7.97.78,smh.com.au,$73.33,$5184.10
634,Rachel,Murray,rmurrayhl@theguardian.com,Female,162.220.159.236,cocolog-nifty.com,$27.71,$2663.08
635,Michael,Dixon,mdixonhm@ameblo.jp,Male,156.101.84.167,google.es,$74.38,$2478.31
636,Christina,Mendoza,cmendozahn@about.com,Female,241.174.128.13,gmpg.org,$62.85,$5942.94
637,Sarah,Cruz,scruzho@last.fm,Female,53.125.157.37,opera.com,$127.34,$3969.22
638,Ryan,Howard,rhowardhp@hp.com,Male,110.130.210.220,ameblo.jp,$21.12,$9100.17
639,Billy,Franklin,bfranklinhq@auda.org.au,Male,159.190.179.111,mapquest.com,$75.49,$4997.98
640,Cheryl,Jacobs,cjacobshr@hugedomains.com,Female,182.178.182.206,geocities.jp,$135.30,$3980.04
641,Lois,King,lkinghs@dyndns.org,Female,24.246.34.84,umn.edu,$67.96,$3966.50
642,Adam,Butler,abutlerht@webmd.com,Male,204.6.229.156,dropbox.com,$37.50,$3409.06
643,Keith,Mitchell,kmitchellhu@deviantart.com,Male,78.199.120.30,senate.gov,$61.28,$6842.03
644,Annie,Grant,agranthv@networksolutions.com,Female,59.250.201.51,flickr.com,$46.38,$2418.22
645,Beverly,Ryan,bryanhw@google.it,Female,48.193.39.151,columbia.edu,$131.80,$4525.34
646,Kevin,Turner,kturnerhx@bandcamp.com,Male,73.242.22.122,nature.com,$112.11,$3587.11
647,Martha,Robertson,mrobertsonhy@archive.org,Female,206.110.3.156,timesonline.co.uk,$30.39,$7738.17
648,Gloria,Thomas,gthomashz@umich.edu,Female,153.2.69.61,networkadvertising.org,$75.26,$6405.38
649,Phyllis,Williams,pwilliamsi0@ocn.ne.jp,Female,240.120.145.232,gov.uk,$135.65,$6895.43
650,Joshua,Mason,jmasoni1@github.com,Male,31.196.26.88,lulu.com,$138.94,$5332.88
651,Eugene,Torres,etorresi2@amazonaws.com,Male,7.98.175.77,angelfire.com,$76.44,$1266.29
652,Denise,Clark,dclarki3@tumblr.com,Female,132.252.98.166,cbc.ca,$134.23,$8932.67
653,Beverly,Mills,bmillsi4@guardian.co.uk,Female,44.152.9.236,cbslocal.com,$70.78,$9233.67
654,Kevin,Powell,kpowelli5@yellowpages.com,Male,152.65.143.50,php.net,$90.12,$4757.86
655,Christine,Rice,cricei6@ifeng.com,Female,129.255.109.124,vkontakte.ru,$95.22,$8560.65
656,Norma,Armstrong,narmstrongi7@e-recht24.de,Female,138.70.31.244,yellowbook.com,$119.04,$5113.66
657,Tina,Gordon,tgordoni8@cmu.edu,Female,195.233.223.190,unc.edu,$42.86,$4405.49
658,Denise,Scott,dscotti9@jigsy.com,Female,20.175.236.84,naver.com,$62.93,$6201.60
659,Daniel,Medina,dmedinaia@zdnet.com,Male,210.152.184.83,amazon.com,$147.79,$7477.42
660,Richard,Mills,rmillsib@cbsnews.com,Male,28.163.196.124,indiegogo.com,$54.36,$7297.48
661,Ruby,Carpenter,rcarpenteric@cbc.ca,Female,117.71.144.184,chron.com,$121.17,$9893.01
662,Jane,Palmer,jpalmerid@guardian.co.uk,Female,29.186.161.251,theglobeandmail.com,$74.17,$5187.32
663,Amanda,Williamson,awilliamsonie@diigo.com,Female,210.35.44.168,facebook.com,$37.59,$8569.91
664,Denise,Carr,dcarrif@jimdo.com,Female,68.180.136.59,time.com,$96.34,$4168.17
665,Thomas,Gordon,tgordonig@phpbb.com,Male,122.113.18.10,bbb.org,$14.88,$2909.96
666,Annie,Berry,aberryih@so-net.ne.jp,Female,140.104.246.159,patch.com,$108.35,$7366.69
667,Sarah,Duncan,sduncanii@myspace.com,Female,123.160.245.106,apple.com,$112.93,$2012.18
668,Ann,Murray,amurrayij@sfgate.com,Female,1.185.25.31,opensource.org,$73.49,$2639.06
669,Carol,Reed,creedik@ted.com,Female,162.19.148.230,reference.com,$88.52,$3820.48
670,Wanda,Allen,wallenil@odnoklassniki.ru,Female,5.119.192.5,shareasale.com,$146.62,$7727.96
671,Bruce,Hayes,bhayesim@slate.com,Male,95.253.221.161,stanford.edu,$130.28,$1305.86
672,Debra,Greene,dgreenein@themeforest.net,Female,206.208.66.168,ameblo.jp,$21.47,$6254.11
673,Carlos,Harrison,charrisonio@shinystat.com,Male,99.199.14.37,dell.com,$111.91,$9572.19
674,Anthony,Ross,arossip@boston.com,Male,221.198.58.194,japanpost.jp,$29.36,$8232.14
675,Anthony,Mcdonald,amcdonaldiq@cornell.edu,Male,234.93.251.147,blog.com,$97.74,$6064.58
676,Louis,Lynch,llynchir@wsj.com,Male,20.100.34.252,aboutads.info,$96.94,$5435.80
677,Justin,Moore,jmooreis@europa.eu,Male,244.200.98.242,slate.com,$126.61,$5409.15
678,Christopher,Arnold,carnoldit@ehow.com,Male,33.78.42.162,chicagotribune.com,$74.74,$5545.46
679,Linda,Fisher,lfisheriu@oracle.com,Female,246.61.44.248,ox.ac.uk,$135.47,$939.66
680,Rose,Fields,rfieldsiv@parallels.com,Female,162.32.246.102,gravatar.com,$126.60,$3337.50
681,Janice,Payne,jpayneiw@dagondesign.com,Female,228.57.12.132,ihg.com,$29.58,$2061.15
682,Fred,Murray,fmurrayix@dailymotion.com,Male,111.136.123.58,istockphoto.com,$139.97,$754.15
683,Steven,Moore,smooreiy@domainmarket.com,Male,147.105.33.141,adobe.com,$54.49,$3183.90
684,John,Reynolds,jreynoldsiz@shareasale.com,Male,91.50.231.147,youku.com,$137.42,$8333.17
685,Diana,Collins,dcollinsj0@a8.net,Female,251.23.121.164,php.net,$76.94,$983.54
686,Katherine,Hill,khillj1@washington.edu,Female,139.157.78.34,icio.us,$21.95,$6537.23
687,Doris,Welch,dwelchj2@mapy.cz,Female,17.122.228.37,w3.org,$109.20,$2141.75
688,Todd,Carpenter,tcarpenterj3@addtoany.com,Male,142.101.20.183,clickbank.net,$74.15,$9558.12
689,Benjamin,Smith,bsmithj4@usnews.com,Male,215.160.99.69,surveymonkey.com,$79.06,$9508.68
690,Anna,Nguyen,anguyenj5@angelfire.com,Female,92.232.33.192,acquirethisname.com,$65.54,$8750.42
691,Janet,Rodriguez,jrodriguezj6@sciencedaily.com,Female,190.79.191.113,answers.com,$77.30,$7908.58
692,Adam,Hunter,ahunterj7@goodreads.com,Male,254.211.126.13,rediff.com,$120.43,$1223.55
693,Harold,Cox,hcoxj8@xrea.com,Male,107.139.115.17,bbb.org,$72.65,$1552.57
694,Cynthia,Lawson,clawsonj9@cbsnews.com,Female,145.250.239.123,washington.edu,$45.61,$2558.11
695,Jonathan,Murphy,jmurphyja@youku.com,Male,91.118.6.228,elpais.com,$65.58,$2110.46
696,Betty,Berry,bberryjb@ycombinator.com,Female,103.110.221.234,hhs.gov,$63.55,$107.36
697,Mildred,Graham,mgrahamjc@zimbio.com,Female,105.61.112.144,jimdo.com,$94.33,$909.37
698,Bonnie,Sullivan,bsullivanjd@abc.net.au,Female,101.102.131.63,artisteer.com,$30.92,$7087.25
699,Evelyn,Reynolds,ereynoldsje@nih.gov,Female,223.209.158.253,ox.ac.uk,$105.35,$5316.98
700,Tina,Marshall,tmarshalljf@ustream.tv,Female,9.141.191.35,angelfire.com,$86.98,$4931.99
701,Ernest,Campbell,ecampbelljg@accuweather.com,Male,210.170.91.15,alibaba.com,$56.30,$4025.06
702,Virginia,Mccoy,vmccoyjh@wufoo.com,Female,104.2.57.106,php.net,$10.56,$1190.16
703,Joyce,Moore,jmooreji@addtoany.com,Female,105.77.223.63,wikimedia.org,$123.72,$3089.22
704,Patrick,Wilson,pwilsonjj@opensource.org,Male,187.140.206.102,geocities.jp,$116.19,$701.67
705,Robert,Campbell,rcampbelljk@furl.net,Male,176.51.40.6,domainmarket.com,$126.64,$5665.69
706,Rachel,Campbell,rcampbelljl@noaa.gov,Female,47.38.7.67,mtv.com,$113.84,$7657.26
707,Carol,Holmes,cholmesjm@acquirethisname.com,Female,63.124.98.247,mapy.cz,$32.54,$5364.88
708,Tina,Sullivan,tsullivanjn@wunderground.com,Female,187.214.12.14,hao123.com,$68.62,$7895.64
709,Alan,Young,ayoungjo@rakuten.co.jp,Male,39.246.102.218,mac.com,$44.94,$1745.31
710,Ernest,Castillo,ecastillojp@mail.ru,Male,166.230.131.43,msn.com,$59.40,$1546.98
711,Kathleen,Price,kpricejq@barnesandnoble.com,Female,214.204.241.147,ft.com,$46.63,$951.89
712,Roy,Adams,radamsjr@msn.com,Male,206.34.247.227,wp.com,$22.60,$1022.68
713,Evelyn,Ortiz,eortizjs@stumbleupon.com,Female,77.126.124.6,163.com,$99.84,$2897.31
714,Robert,Barnes,rbarnesjt@va.gov,Male,69.156.254.114,twitpic.com,$25.25,$1381.93
715,Kimberly,Baker,kbakerju@51.la,Female,222.17.41.69,wordpress.com,$90.85,$5900.14
716,Virginia,Banks,vbanksjv@t.co,Female,148.18.209.224,forbes.com,$48.17,$394.23
717,Teresa,Rivera,triverajw@example.com,Female,28.35.8.251,dedecms.com,$135.60,$8291.06
718,Melissa,Ramirez,mramirezjx@si.edu,Female,129.252.80.203,accuweather.com,$93.85,$3725.30
719,Jennifer,Harvey,jharveyjy@biblegateway.com,Female,239.131.40.242,sphinn.com,$96.79,$5740.63
720,Virginia,West,vwestjz@vinaora.com,Female,219.138.152.215,ox.ac.uk,$63.33,$4808.28
721,Raymond,Wheeler,rwheelerk0@discovery.com,Male,174.248.66.167,netlog.com,$72.82,$3790.56
722,Paula,Morris,pmorrisk1@scientificamerican.com,Female,192.30.15.10,usda.gov,$82.95,$3928.78
723,Jane,Oliver,joliverk2@whitehouse.gov,Female,231.196.219.24,pinterest.com,$20.47,$6916.36
724,Andrew,Wright,awrightk3@psu.edu,Male,109.88.211.58,techcrunch.com,$60.67,$2703.17
725,Julie,Sullivan,jsullivank4@behance.net,Female,117.44.123.14,microsoft.com,$132.12,$8188.10
726,Anne,Butler,abutlerk5@webeden.co.uk,Female,176.74.71.98,scribd.com,$129.61,$775.78
727,Jerry,Fisher,jfisherk6@barnesandnoble.com,Male,23.245.172.143,blog.com,$137.22,$2323.10
728,Johnny,Moreno,jmorenok7@ameblo.jp,Male,148.7.98.74,home.pl,$120.07,$7303.81
729,Judith,Jacobs,jjacobsk8@usatoday.com,Female,162.0.99.77,ihg.com,$100.40,$525.32
730,Richard,Warren,rwarrenk9@columbia.edu,Male,65.249.9.56,zimbio.com,$144.43,$6026.48
731,Gregory,Peters,gpeterska@microsoft.com,Male,143.87.48.151,technorati.com,$145.11,$646.80
732,Joyce,Wagner,jwagnerkb@pen.io,Female,177.110.210.43,reuters.com,$120.93,$8853.06
733,Ryan,Nichols,rnicholskc@baidu.com,Male,220.41.230.144,canalblog.com,$131.02,$7424.87
734,Denise,Fields,dfieldskd@icio.us,Female,23.181.66.127,ftc.gov,$146.73,$9603.39
735,Joe,Harris,jharriske@studiopress.com,Male,149.206.9.91,wsj.com,$146.58,$6189.99
736,Cynthia,Willis,cwilliskf@so-net.ne.jp,Female,81.32.236.22,examiner.com,$149.16,$8258.25
737,Clarence,Gonzales,cgonzaleskg@va.gov,Male,100.231.141.73,skype.com,$29.02,$8116.78
738,Douglas,Peters,dpeterskh@hp.com,Male,103.245.104.91,ustream.tv,$114.93,$2131.86
739,Matthew,Phillips,mphillipski@china.com.cn,Male,202.101.35.240,alibaba.com,$54.07,$998.41
740,Doris,Stanley,dstanleykj@shop-pro.jp,Female,80.156.238.245,icq.com,$103.99,$3944.18
741,Antonio,Kelly,akellykk@cbc.ca,Male,169.207.123.81,ebay.com,$64.30,$128.63
742,Jean,Ryan,jryankl@springer.com,Female,127.18.207.24,disqus.com,$98.47,$6255.03
743,Bruce,Johnson,bjohnsonkm@de.vu,Male,68.29.162.7,uol.com.br,$70.62,$7855.28
744,Kimberly,Simpson,ksimpsonkn@sun.com,Female,75.4.26.251,yelp.com,$119.82,$462.24
745,Anna,Weaver,aweaverko@acquirethisname.com,Female,66.217.159.95,dedecms.com,$83.89,$4331.80
746,Wanda,Pierce,wpiercekp@posterous.com,Female,72.171.48.102,zimbio.com,$143.82,$2422.26
747,Diane,Kelley,dkelleykq@last.fm,Female,60.150.255.37,homestead.com,$92.25,$2223.30
748,Joyce,Mitchell,jmitchellkr@123-reg.co.uk,Female,191.241.2.37,dailymotion.com,$15.85,$4517.03
749,Thomas,Martinez,tmartinezks@myspace.com,Male,236.42.145.76,yahoo.co.jp,$24.76,$973.98
750,Marilyn,Nelson,mnelsonkt@springer.com,Female,145.88.249.141,un.org,$65.88,$9963.59
751,Arthur,Hall,ahallku@wsj.com,Male,100.59.89.70,acquirethisname.com,$132.39,$4489.46
752,Angela,Sullivan,asullivankv@china.com.cn,Female,194.48.107.60,amazon.co.uk,$107.50,$3892.00
753,Helen,Price,hpricekw@statcounter.com,Female,88.251.130.44,state.tx.us,$93.98,$7558.93
754,Maria,Jackson,mjacksonkx@nbcnews.com,Female,235.61.42.192,google.com.br,$10.46,$5817.70
755,Joyce,Vasquez,jvasquezky@youku.com,Female,145.47.150.160,eepurl.com,$84.63,$636.29
756,Albert,Richardson,arichardsonkz@naver.com,Male,46.118.92.225,gnu.org,$145.62,$5595.12
757,Stephanie,Stephens,sstephensl0@diigo.com,Female,5.55.135.184,mail.ru,$129.92,$3801.20
758,Mark,Garcia,mgarcial1@jiathis.com,Male,143.119.189.133,nytimes.com,$118.69,$5725.67
759,Jean,Grant,jgrantl2@npr.org,Female,175.9.253.18,github.com,$87.99,$6107.17
760,Roger,Harrison,rharrisonl3@opensource.org,Male,15.111.205.45,toplist.cz,$132.20,$7774.80
761,Peter,Reid,preidl4@ustream.tv,Male,171.64.124.201,opensource.org,$108.84,$5760.05
762,Andrew,Weaver,aweaverl5@redcross.org,Male,106.37.100.121,stumbleupon.com,$36.30,$505.55
763,Lawrence,Rice,lricel6@tuttocitta.it,Male,91.97.15.46,opensource.org,$149.78,$411.09
764,Nicholas,Martinez,nmartinezl7@nsw.gov.au,Male,187.212.163.9,ucla.edu,$36.71,$9900.01
765,Joe,Jackson,jjacksonl8@ifeng.com,Male,103.82.164.97,cnet.com,$106.49,$3334.96
766,Janet,Cruz,jcruzl9@dell.com,Female,45.123.199.247,t.co,$60.31,$2309.89
767,Steven,Richards,srichardsla@addtoany.com,Male,164.191.169.218,irs.gov,$84.28,$742.32
768,Patricia,Hunter,phunterlb@google.nl,Female,135.43.25.73,opensource.org,$14.67,$1569.32
769,Joe,Price,jpricelc@jugem.jp,Male,14.28.234.102,bloomberg.com,$67.07,$4218.06
770,Carl,Watkins,cwatkinsld@slate.com,Male,106.134.140.83,tinypic.com,$69.84,$9722.31
771,Nicole,Dunn,ndunnle@canalblog.com,Female,212.245.26.14,wsj.com,$117.79,$3264.13
772,Jonathan,Spencer,jspencerlf@drupal.org,Male,180.54.210.212,tiny.cc,$76.70,$3543.93
773,Phillip,Williamson,pwilliamsonlg@cafepress.com,Male,150.242.61.97,zimbio.com,$10.67,$3305.23
774,James,Diaz,jdiazlh@wunderground.com,Male,135.212.213.59,microsoft.com,$64.24,$4584.64
775,Betty,Lopez,blopezli@dailymotion.com,Female,96.63.177.167,quantcast.com,$112.13,$4914.05
776,Joan,Watkins,jwatkinslj@aboutads.info,Female,30.255.91.96,shutterfly.com,$60.24,$2815.23
777,Julie,Gray,jgraylk@ox.ac.uk,Female,10.52.186.208,meetup.com,$142.86,$2041.48
778,Anne,Howard,ahowardll@twitpic.com,Female,160.44.120.167,squarespace.com,$101.71,$893.21
779,George,Lopez,glopezlm@tripadvisor.com,Male,24.167.43.81,timesonline.co.uk,$51.72,$6753.63
780,Donna,Gardner,dgardnerln@feedburner.com,Female,162.60.95.75,techcrunch.com,$93.54,$1938.94
781,Phillip,Mccoy,pmccoylo@walmart.com,Male,181.199.216.34,exblog.jp,$129.01,$2511.02
782,Earl,Austin,eaustinlp@earthlink.net,Male,86.170.57.103,ihg.com,$103.32,$844.76
783,Carol,Carpenter,ccarpenterlq@shop-pro.jp,Female,230.85.186.233,businessweek.com,$109.74,$6109.63
784,Christine,Perkins,cperkinslr@youtube.com,Female,75.206.81.138,woothemes.com,$73.60,$7178.67
785,Billy,Robinson,brobinsonls@indiatimes.com,Male,114.37.50.94,freewebs.com,$41.08,$7607.78
786,Phillip,Flores,pfloreslt@cdbaby.com,Male,83.4.222.176,google.de,$75.76,$8454.04
787,Diane,Burns,dburnslu@apple.com,Female,84.139.134.101,posterous.com,$21.40,$591.20
788,Ashley,Long,alonglv@istockphoto.com,Female,5.204.113.184,qq.com,$35.50,$4796.07
789,Thomas,Hall,thalllw@rambler.ru,Male,35.208.227.250,latimes.com,$90.91,$5783.03
790,Ruth,Lane,rlanelx@gravatar.com,Female,252.101.192.195,zdnet.com,$48.40,$2175.62
791,Larry,Burton,lburtonly@gizmodo.com,Male,84.79.135.8,dedecms.com,$41.47,$5684.59
792,Julie,Shaw,jshawlz@google.fr,Female,2.162.171.141,purevolume.com,$103.84,$3149.65
793,Pamela,Thompson,pthompsonm0@hao123.com,Female,47.3.139.89,marriott.com,$70.45,$6649.44
794,Eric,Price,epricem1@tripadvisor.com,Male,113.240.115.59,wired.com,$97.80,$3978.53
795,Roger,Ward,rwardm2@jimdo.com,Male,166.221.57.105,mapquest.com,$20.69,$7001.82
796,Andrea,Martinez,amartinezm3@wordpress.com,Female,9.122.243.95,bizjournals.com,$141.26,$3313.67
797,Rebecca,Hamilton,rhamiltonm4@flickr.com,Female,163.63.182.102,wikipedia.org,$86.24,$9343.45
798,Joshua,Harvey,jharveym5@bandcamp.com,Male,108.234.127.136,taobao.com,$40.78,$4387.33
799,Joyce,Burton,jburtonm6@toplist.cz,Female,228.122.249.161,cocolog-nifty.com,$115.83,$5918.88
800,Jonathan,Howell,jhowellm7@gravatar.com,Male,7.140.106.174,ovh.net,$29.33,$9618.42
801,Fred,Wells,fwellsm8@qq.com,Male,119.255.114.124,upenn.edu,$96.31,$1045.14
802,Roy,Olson,rolsonm9@mlb.com,Male,91.47.49.156,geocities.jp,$68.93,$4843.35
803,Henry,Perkins,hperkinsma@ucla.edu,Male,153.47.100.243,blogspot.com,$134.90,$2367.95
804,Deborah,Schmidt,dschmidtmb@4shared.com,Female,163.2.222.8,ezinearticles.com,$133.46,$7574.02
805,Tina,Kelley,tkelleymc@ftc.gov,Female,6.87.32.84,seesaa.net,$149.90,$2675.12
806,Marilyn,Russell,mrussellmd@sogou.com,Female,35.200.68.213,123-reg.co.uk,$88.11,$4165.71
807,Wanda,Hill,whillme@t-online.de,Female,92.201.143.226,skyrock.com,$32.00,$7285.23
808,Bobby,Jordan,bjordanmf@squarespace.com,Male,107.29.192.27,dot.gov,$85.64,$2091.97
809,Daniel,Gonzales,dgonzalesmg@digg.com,Male,5.236.82.88,marketwatch.com,$53.68,$231.92
810,Kelly,Perkins,kperkinsmh@wikipedia.org,Female,88.28.105.1,virginia.edu,$17.19,$2433.18
811,Gloria,Andrews,gandrewsmi@skyrock.com,Female,228.79.65.242,nba.com,$91.24,$4248.01
812,Lois,Johnson,ljohnsonmj@sakura.ne.jp,Female,87.72.241.64,bandcamp.com,$35.77,$6481.29
813,Louis,Nguyen,lnguyenmk@myspace.com,Male,140.159.183.128,rakuten.co.jp,$143.41,$5372.00
814,Rebecca,Myers,rmyersml@theatlantic.com,Female,180.249.91.242,fema.gov,$70.33,$5770.61
815,Theresa,Powell,tpowellmm@ft.com,Female,156.131.125.166,time.com,$65.02,$1898.68
816,Kelly,Garza,kgarzamn@is.gd,Female,243.153.30.109,unc.edu,$148.16,$5339.18
817,Eugene,Wood,ewoodmo@constantcontact.com,Male,222.185.168.77,ftc.gov,$84.77,$2520.63
818,Clarence,Anderson,candersonmp@vimeo.com,Male,206.250.253.77,bizjournals.com,$15.22,$5437.79
819,Bobby,Mason,bmasonmq@ebay.co.uk,Male,58.157.141.38,disqus.com,$81.48,$2756.20
820,Pamela,Watkins,pwatkinsmr@canalblog.com,Female,31.187.184.123,dedecms.com,$30.54,$9239.40
821,Judith,Wright,jwrightms@jiathis.com,Female,149.170.226.61,webeden.co.uk,$85.24,$6125.88
822,Russell,Matthews,rmatthewsmt@paypal.com,Male,208.153.70.151,marketwatch.com,$149.19,$8111.94
823,Jose,Stone,jstonemu@state.gov,Male,120.46.243.226,bluehost.com,$38.06,$9072.53
824,Lisa,Warren,lwarrenmv@amazon.com,Female,110.122.145.179,jalbum.net,$118.60,$6774.91
825,Nancy,Williams,nwilliamsmw@indiegogo.com,Female,1.159.197.197,ning.com,$88.91,$7162.94
826,Denise,Coleman,dcolemanmx@artisteer.com,Female,121.192.160.57,weebly.com,$69.26,$5942.91
827,Henry,Lee,hleemy@skype.com,Male,119.77.176.182,economist.com,$63.02,$8518.63
828,Jesse,Hill,jhillmz@abc.net.au,Male,246.255.10.178,istockphoto.com,$17.20,$4125.05
829,Amy,Hunter,ahuntern0@google.es,Female,184.144.170.171,stumbleupon.com,$85.54,$772.99
830,Catherine,Little,clittlen1@huffingtonpost.com,Female,49.190.180.56,engadget.com,$128.70,$8143.65
831,Andrew,Lewis,alewisn2@behance.net,Male,165.240.175.56,gizmodo.com,$66.39,$9711.10
832,Kenneth,Carter,kcartern3@umich.edu,Male,9.225.218.175,tinypic.com,$20.97,$7515.44
833,Tina,Butler,tbutlern4@berkeley.edu,Female,10.18.211.253,list-manage.com,$66.41,$9725.12
834,Sarah,Brooks,sbrooksn5@cargocollective.com,Female,164.219.255.229,wufoo.com,$146.16,$4873.78
835,Jeremy,Torres,jtorresn6@tamu.edu,Male,79.195.33.204,yelp.com,$62.65,$1352.54
836,Rose,Ortiz,rortizn7@washingtonpost.com,Female,104.246.231.21,washington.edu,$55.35,$684.70
837,Chris,Bryant,cbryantn8@princeton.edu,Male,204.65.89.216,elpais.com,$133.94,$7740.70
838,Joyce,Moreno,jmorenon9@bbc.co.uk,Female,7.32.209.34,dropbox.com,$111.47,$7132.82
839,Christine,Castillo,ccastillona@huffingtonpost.com,Female,4.235.42.241,bloglines.com,$89.58,$3471.10
840,Robin,Mcdonald,rmcdonaldnb@hibu.com,Female,76.11.8.165,statcounter.com,$83.11,$6820.86
841,Karen,Cole,kcolenc@cocolog-nifty.com,Female,139.186.124.180,51.la,$33.66,$4573.05
842,Joe,Howell,jhowellnd@jimdo.com,Male,86.96.55.175,booking.com,$64.26,$2705.68
843,Carlos,Smith,csmithne@etsy.com,Male,101.101.188.99,spotify.com,$81.14,$2541.04
844,Justin,Palmer,jpalmernf@statcounter.com,Male,0.230.176.3,rakuten.co.jp,$84.77,$4315.11
845,Russell,Young,ryoungng@examiner.com,Male,51.171.52.69,ehow.com,$24.76,$5735.14
846,Robin,Ortiz,rortiznh@yellowpages.com,Female,61.74.36.188,amazon.co.uk,$141.52,$9129.39
847,Juan,Cunningham,jcunninghamni@nydailynews.com,Male,247.25.15.75,nps.gov,$63.33,$5242.06
848,Lori,Allen,lallennj@europa.eu,Female,178.83.174.166,businesswire.com,$54.39,$5452.55
849,Albert,Taylor,ataylornk@comsenz.com,Male,110.185.30.224,sfgate.com,$127.53,$9335.12
850,Bobby,Fields,bfieldsnl@wordpress.org,Male,198.201.90.110,icq.com,$148.07,$4502.17
851,Ruth,Carr,rcarrnm@over-blog.com,Female,113.189.112.68,privacy.gov.au,$31.08,$8747.25
852,Marilyn,Robinson,mrobinsonnn@spiegel.de,Female,57.85.208.186,xinhuanet.com,$24.11,$7220.92
853,Jane,Morales,jmoralesno@people.com.cn,Female,230.5.23.9,shop-pro.jp,$147.09,$7076.05
854,Juan,Daniels,jdanielsnp@sfgate.com,Male,42.20.92.18,google.co.jp,$60.08,$8670.09
855,Edward,Harper,eharpernq@qq.com,Male,22.173.163.55,drupal.org,$87.56,$3361.98
856,Lori,Mcdonald,lmcdonaldnr@free.fr,Female,24.114.159.214,economist.com,$68.67,$4902.35
857,Sharon,Rodriguez,srodriguezns@rambler.ru,Female,19.145.31.254,gravatar.com,$37.38,$7021.14
858,Henry,Robertson,hrobertsonnt@washington.edu,Male,253.100.147.162,whitehouse.gov,$23.23,$6959.20
859,Katherine,Myers,kmyersnu@simplemachines.org,Female,245.129.140.8,vinaora.com,$137.39,$5912.13
860,Dennis,Owens,dowensnv@unicef.org,Male,150.100.165.111,google.nl,$50.16,$8243.04
861,Mary,Carr,mcarrnw@ibm.com,Female,20.188.182.9,skype.com,$149.52,$3798.98
862,Pamela,Hall,phallnx@theatlantic.com,Female,196.86.178.202,themeforest.net,$71.47,$1174.65
863,Frances,Peters,fpetersny@so-net.ne.jp,Female,107.28.106.180,lulu.com,$141.82,$7725.13
864,Pamela,Shaw,pshawnz@alibaba.com,Female,31.230.250.233,indiegogo.com,$143.93,$6289.53
865,Ashley,Meyer,ameyero0@dot.gov,Female,245.53.99.105,yahoo.com,$29.10,$5896.96
866,Lawrence,Snyder,lsnydero1@yellowpages.com,Male,160.162.33.59,bloglines.com,$90.77,$164.80
867,Harold,Richards,hrichardso2@dailymotion.com,Male,45.234.144.8,dion.ne.jp,$139.51,$8336.45
868,Evelyn,Olson,eolsono3@elegantthemes.com,Female,158.115.177.226,state.gov,$71.27,$3115.85
869,Patrick,Welch,pwelcho4@netvibes.com,Male,46.251.64.111,wiley.com,$107.30,$2492.35
870,Teresa,Kelley,tkelleyo5@si.edu,Female,150.99.240.155,biblegateway.com,$17.27,$4881.61
871,Terry,Kelley,tkelleyo6@washingtonpost.com,Male,212.234.132.233,twitpic.com,$38.17,$767.12
872,Marilyn,Alvarez,malvarezo7@ucsd.edu,Female,167.221.118.31,hostgator.com,$41.55,$495.22
873,Benjamin,Carr,bcarro8@nature.com,Male,251.97.71.242,theglobeandmail.com,$44.07,$6880.73
874,Angela,James,ajameso9@dyndns.org,Female,126.221.248.234,lulu.com,$48.50,$8560.61
875,Diane,Sims,dsimsoa@cnet.com,Female,80.183.174.119,1688.com,$70.09,$9745.58
876,Norma,James,njamesob@ucoz.com,Female,206.120.132.214,weebly.com,$74.35,$9090.42
877,Evelyn,Wells,ewellsoc@guardian.co.uk,Female,59.102.245.62,hostgator.com,$87.35,$3927.11
878,Bobby,Hart,bhartod@google.ca,Male,165.180.244.148,technorati.com,$137.51,$1302.22
879,Anthony,Hudson,ahudsonoe@uol.com.br,Male,19.68.142.8,illinois.edu,$61.76,$3514.90
880,Mildred,Perez,mperezof@comcast.net,Female,81.255.103.202,typepad.com,$53.97,$3956.51
881,Raymond,Flores,rfloresog@trellian.com,Male,201.154.213.236,drupal.org,$120.19,$8631.83
882,Alice,Dixon,adixonoh@imgur.com,Female,30.162.152.109,macromedia.com,$46.28,$239.05
883,Howard,Oliver,holiveroi@amazon.de,Male,108.232.6.198,barnesandnoble.com,$133.81,$9209.95
884,Ruby,Armstrong,rarmstrongoj@usda.gov,Female,97.23.35.181,ucla.edu,$127.64,$2760.08
885,Earl,Morris,emorrisok@typepad.com,Male,171.173.147.70,theguardian.com,$99.39,$3720.02
886,Patricia,Jacobs,pjacobsol@irs.gov,Female,174.235.73.81,pagesperso-orange.fr,$141.09,$4104.57
887,Arthur,Burns,aburnsom@nps.gov,Male,30.10.160.91,live.com,$70.24,$2737.13
888,Kevin,Willis,kwillison@arizona.edu,Male,207.62.97.115,opensource.org,$99.51,$8397.17
889,Linda,Carter,lcarteroo@unesco.org,Female,216.245.72.2,devhub.com,$43.66,$7573.33
890,Raymond,Watkins,rwatkinsop@parallels.com,Male,71.221.61.224,nasa.gov,$136.46,$945.49
891,Andrew,Mason,amasonoq@addtoany.com,Male,195.242.117.11,mac.com,$11.36,$7025.50
892,Amanda,Harper,aharperor@moonfruit.com,Female,192.3.190.170,vimeo.com,$147.57,$1365.33
893,James,Howell,jhowellos@jimdo.com,Male,230.2.162.149,blogs.com,$78.15,$1643.72
894,Christina,Collins,ccollinsot@msu.edu,Female,47.34.137.237,123-reg.co.uk,$33.02,$2324.17
895,Albert,Mitchell,amitchellou@skyrock.com,Male,10.134.13.134,sakura.ne.jp,$57.33,$3890.45
896,Gary,Elliott,gelliottov@wunderground.com,Male,255.51.47.60,foxnews.com,$19.03,$2473.62
897,Jeremy,Payne,jpayneow@prnewswire.com,Male,60.179.33.129,chron.com,$86.87,$7952.73
898,Evelyn,Hart,ehartox@usatoday.com,Female,33.73.219.160,reference.com,$43.28,$2906.38
899,David,Diaz,ddiazoy@nps.gov,Male,90.25.70.247,networkadvertising.org,$106.97,$4522.71
900,Annie,Hudson,ahudsonoz@blogger.com,Female,121.152.28.245,ucsd.edu,$23.96,$3289.58
901,Julie,Welch,jwelchp0@mit.edu,Female,126.27.180.83,weibo.com,$43.67,$1564.69
902,Jeremy,Alexander,jalexanderp1@plala.or.jp,Male,97.229.37.207,wikimedia.org,$126.42,$662.05
903,Gerald,Moore,gmoorep2@a8.net,Male,202.131.87.173,phpbb.com,$64.73,$3372.88
904,Karen,Fowler,kfowlerp3@hao123.com,Female,143.32.77.231,moonfruit.com,$56.32,$6310.17
905,Andrea,Ramos,aramosp4@about.com,Female,202.34.91.33,behance.net,$83.32,$318.88
906,Sara,Hunt,shuntp5@webmd.com,Female,52.45.46.117,google.de,$147.03,$3825.59
907,Kimberly,Roberts,krobertsp6@si.edu,Female,168.202.149.15,wikispaces.com,$86.97,$8961.23
908,Kathleen,Simmons,ksimmonsp7@google.com.br,Female,10.29.212.58,ucsd.edu,$70.20,$6028.81
909,Alan,Gonzalez,agonzalezp8@wikipedia.org,Male,221.109.65.252,tmall.com,$71.17,$1554.55
910,Alan,Nelson,anelsonp9@miibeian.gov.cn,Male,85.68.174.6,engadget.com,$33.83,$3218.46
911,Ryan,Daniels,rdanielspa@psu.edu,Male,81.228.188.148,prweb.com,$96.44,$7791.19
912,Lisa,Roberts,lrobertspb@fda.gov,Female,167.101.143.170,myspace.com,$89.05,$747.32
913,Julia,Crawford,jcrawfordpc@naver.com,Female,190.135.190.114,google.ru,$60.69,$9637.81
914,Dorothy,Griffin,dgriffinpd@github.com,Female,157.166.77.146,usa.gov,$69.05,$533.54
915,Thomas,Gray,tgraype@psu.edu,Male,92.0.74.209,hhs.gov,$87.01,$9509.60
916,Aaron,Parker,aparkerpf@biblegateway.com,Male,126.160.51.184,timesonline.co.uk,$71.06,$811.63
917,Sara,Rivera,sriverapg@freewebs.com,Female,129.22.134.231,moonfruit.com,$113.45,$4594.29
918,Jose,Richardson,jrichardsonph@apple.com,Male,37.241.92.36,adobe.com,$37.02,$8499.70
919,Mildred,Sims,msimspi@sfgate.com,Female,198.103.192.205,geocities.com,$125.76,$9030.51
920,Melissa,Allen,mallenpj@salon.com,Female,125.154.249.220,nyu.edu,$44.68,$4703.03
921,Irene,Owens,iowenspk@devhub.com,Female,17.37.56.0,php.net,$102.60,$8023.91
922,Sean,Cunningham,scunninghampl@digg.com,Male,213.154.18.196,sciencedaily.com,$34.09,$6411.28
923,Dennis,Dunn,ddunnpm@usnews.com,Male,28.216.108.68,vkontakte.ru,$56.30,$4659.06
924,Juan,Burke,jburkepn@simplemachines.org,Male,212.170.162.71,simplemachines.org,$64.56,$5365.49
925,Phyllis,Burns,pburnspo@php.net,Female,216.210.81.91,indiatimes.com,$62.66,$1068.36
926,Bobby,Garza,bgarzapp@mapquest.com,Male,23.176.244.156,pcworld.com,$120.48,$3836.78
927,Jennifer,Carroll,jcarrollpq@tmall.com,Female,132.131.112.158,amazon.co.jp,$125.08,$4443.93
928,Scott,Jordan,sjordanpr@mlb.com,Male,233.90.60.4,cocolog-nifty.com,$17.81,$2834.78
929,Wanda,Gardner,wgardnerps@squarespace.com,Female,110.35.41.52,clickbank.net,$59.78,$4220.32
930,Janet,Perez,jperezpt@hhs.gov,Female,200.78.73.49,nps.gov,$46.20,$2976.99
931,Jimmy,Scott,jscottpu@dmoz.org,Male,205.251.254.139,zimbio.com,$10.41,$3477.31
932,Cheryl,Burton,cburtonpv@diigo.com,Female,98.108.69.191,cbc.ca,$98.78,$9133.37
933,Louise,Duncan,lduncanpw@ameblo.jp,Female,63.166.231.82,cloudflare.com,$123.79,$6505.60
934,Nicole,Kelly,nkellypx@yahoo.co.jp,Female,57.63.247.47,phoca.cz,$78.47,$148.93
935,Christine,Alexander,calexanderpy@sakura.ne.jp,Female,56.187.153.101,slideshare.net,$25.71,$7965.26
936,Richard,Stone,rstonepz@economist.com,Male,171.98.41.88,1688.com,$104.08,$3579.27
937,Fred,Diaz,fdiazq0@wp.com,Male,65.83.244.0,dropbox.com,$98.21,$4671.67
938,Bruce,Nelson,bnelsonq1@jigsy.com,Male,159.183.164.151,wired.com,$37.37,$4452.87
939,Michael,Mitchell,mmitchellq2@fastcompany.com,Male,177.105.142.178,dmoz.org,$69.08,$5438.52
940,Randy,Warren,rwarrenq3@about.me,Male,208.228.218.6,acquirethisname.com,$111.68,$2110.51
941,Benjamin,Mcdonald,bmcdonaldq4@oracle.com,Male,188.226.142.227,i2i.jp,$128.42,$1016.60
942,Carl,Graham,cgrahamq5@gov.uk,Male,47.44.34.32,newsvine.com,$100.82,$484.96
943,Paul,Stevens,pstevensq6@abc.net.au,Male,176.130.66.243,home.pl,$147.13,$9221.34
944,Ronald,Gilbert,rgilbertq7@rakuten.co.jp,Male,199.62.83.130,foxnews.com,$67.47,$2924.77
945,Teresa,Hernandez,thernandezq8@ucsd.edu,Female,23.33.125.162,columbia.edu,$25.14,$5058.72
946,Justin,Campbell,jcampbellq9@google.co.uk,Male,145.244.202.203,accuweather.com,$148.33,$4968.65
947,Sandra,Alvarez,salvarezqa@yellowpages.com,Female,185.107.52.43,tinyurl.com,$131.95,$7647.53
948,Patrick,Hicks,phicksqb@scientificamerican.com,Male,242.96.185.50,360.cn,$58.57,$6647.04
949,Douglas,Knight,dknightqc@4shared.com,Male,206.56.139.4,disqus.com,$74.76,$7668.71
950,Martin,Wright,mwrightqd@indiatimes.com,Male,233.62.86.70,instagram.com,$67.29,$2940.11
951,Martin,Sanchez,msanchezqe@about.com,Male,65.199.28.234,omniture.com,$17.53,$940.93
952,Theresa,Welch,twelchqf@si.edu,Female,230.108.12.100,exblog.jp,$98.43,$9976.33
953,Craig,Wagner,cwagnerqg@indiegogo.com,Male,243.225.95.161,dedecms.com,$111.55,$1392.44
954,Melissa,Lynch,mlynchqh@samsung.com,Female,7.75.11.135,reddit.com,$53.45,$3144.84
955,Katherine,Hunter,khunterqi@51.la,Female,101.29.69.109,msn.com,$16.71,$6133.01
956,Benjamin,Stephens,bstephensqj@list-manage.com,Male,176.155.90.75,wufoo.com,$65.94,$5342.40
957,Eric,Dean,edeanqk@cbsnews.com,Male,2.76.72.197,rakuten.co.jp,$149.08,$5099.73
958,Samuel,Wright,swrightql@sphinn.com,Male,145.239.145.97,hugedomains.com,$15.61,$3453.55
959,James,Garrett,jgarrettqm@umn.edu,Male,107.37.89.155,google.com.br,$42.72,$2198.10
960,Christopher,Black,cblackqn@jigsy.com,Male,170.153.156.25,usgs.gov,$131.37,$4838.75
961,Henry,Sanders,hsandersqo@cloudflare.com,Male,162.77.67.18,go.com,$120.70,$6726.08
962,Ann,Kim,akimqp@weebly.com,Female,67.177.37.76,geocities.com,$51.89,$1024.43
963,Wayne,Rodriguez,wrodriguezqq@amazonaws.com,Male,238.225.184.202,ezinearticles.com,$30.34,$123.56
964,Terry,Parker,tparkerqr@amazon.co.jp,Male,20.255.79.107,wikia.com,$76.68,$5551.77
965,Lori,Taylor,ltaylorqs@instagram.com,Female,53.3.81.82,webeden.co.uk,$43.72,$3813.84
966,Joe,Martinez,jmartinezqt@examiner.com,Male,123.123.203.45,latimes.com,$57.76,$285.25
967,Jerry,Gardner,jgardnerqu@slate.com,Male,255.151.246.235,businessinsider.com,$56.16,$861.28
968,Jessica,Woods,jwoodsqv@google.co.jp,Female,23.195.5.120,nymag.com,$124.89,$3201.33
969,Stephen,Simpson,ssimpsonqw@apple.com,Male,17.73.102.230,jiathis.com,$41.37,$7043.36
970,Dennis,Henry,dhenryqx@t-online.de,Male,226.104.235.71,bluehost.com,$131.31,$6910.23
971,Nicholas,Ford,nfordqy@ehow.com,Male,198.216.244.209,yolasite.com,$53.34,$8325.96
972,Jane,Moreno,jmorenoqz@google.de,Female,12.173.221.230,mit.edu,$61.73,$4016.92
973,Patrick,Rice,pricer0@tinyurl.com,Male,226.174.152.214,pinterest.com,$65.51,$1546.82
974,Brenda,Campbell,bcampbellr1@blinklist.com,Female,155.165.203.1,e-recht24.de,$105.97,$1795.31
975,Carlos,Day,cdayr2@usgs.gov,Male,22.170.5.58,amazon.co.jp,$119.34,$5887.72
976,Annie,Martinez,amartinezr3@un.org,Female,59.238.45.140,imageshack.us,$20.14,$5198.87
977,Ruby,Weaver,rweaverr4@chron.com,Female,126.108.5.214,zimbio.com,$104.66,$8612.14
978,Ashley,Edwards,aedwardsr5@wordpress.com,Female,40.144.32.202,woothemes.com,$144.53,$8952.03
979,Craig,Perkins,cperkinsr6@newsvine.com,Male,204.219.162.225,domainmarket.com,$75.68,$6248.18
980,Todd,Alexander,talexanderr7@berkeley.edu,Male,17.255.236.18,howstuffworks.com,$147.57,$6367.98
981,Mark,Watson,mwatsonr8@baidu.com,Male,215.204.116.54,zdnet.com,$42.79,$7200.76
982,Carolyn,Evans,cevansr9@unesco.org,Female,23.209.9.142,wunderground.com,$101.29,$4189.40
983,Louis,Lynch,llynchra@japanpost.jp,Male,205.101.86.161,scientificamerican.com,$96.82,$9389.87
984,Kathryn,Hansen,khansenrb@angelfire.com,Female,185.130.158.241,vkontakte.ru,$125.41,$4045.62
985,Robert,Miller,rmillerrc@cdc.gov,Male,85.106.165.92,amazon.de,$86.83,$495.97
986,Joan,Matthews,jmatthewsrd@yahoo.co.jp,Female,206.175.37.42,lycos.com,$94.58,$2148.70
987,Ruby,Gibson,rgibsonre@nsw.gov.au,Female,40.94.183.186,nps.gov,$138.01,$2537.40
988,Raymond,Larson,rlarsonrf@ning.com,Male,196.107.173.217,altervista.org,$82.55,$8768.55
989,Maria,Reid,mreidrg@china.com.cn,Female,143.157.94.119,abc.net.au,$142.07,$1554.30
990,David,Burton,dburtonrh@smugmug.com,Male,255.92.74.156,toplist.cz,$58.07,$444.09
991,Adam,Simpson,asimpsonri@booking.com,Male,142.116.205.116,netlog.com,$95.02,$5435.78
992,Frances,Powell,fpowellrj@cornell.edu,Female,228.173.156.144,freewebs.com,$55.31,$8409.67
993,Ruby,Fields,rfieldsrk@domainmarket.com,Female,44.189.80.118,sitemeter.com,$26.44,$5979.68
994,Billy,Pierce,bpiercerl@wordpress.com,Male,119.17.164.228,opensource.org,$148.42,$649.71
995,Jennifer,Medina,jmedinarm@dailymotion.com,Female,49.182.152.78,uol.com.br,$87.10,$3945.18
996,Charles,Jordan,cjordanrn@netvibes.com,Male,76.44.255.137,apache.org,$114.50,$9820.04
997,Emily,Powell,epowellro@shop-pro.jp,Female,78.129.64.94,e-recht24.de,$58.59,$1325.04
998,Jane,Cruz,jcruzrp@plala.or.jp,Female,219.152.125.246,oaic.gov.au,$142.67,$6324.00
999,Lillian,Reed,lreedrq@vkontakte.ru,Female,0.166.161.69,surveymonkey.com,$11.04,$4003.22
1000,Steven,Davis,sdavisrr@hhs.gov,Male,216.218.94.234,nydailynews.com,$89.62,$5471.75
