id,first_name,last_name,email,gender,ip_address,refferer,amount_owes,value_of_account
1,Judith,Mason,jmason0@nba.com,Female,216.106.180.118,gizmodo.com,$71.45,$5179.54
2,Christine,Wells,cwells1@nasa.gov,Female,50.174.126.236,disqus.com,$32.44,$381.83
3,Ruth,Price,rprice2@myspace.com,Female,46.204.35.90,jugem.jp,$42.06,$3340.54
4,Douglas,Fernandez,dfernandez3@topsy.com,Male,56.75.57.88,histats.com,$123.99,$4781.91
5,Patrick,Ellis,pellis4@sourceforge.net,Male,178.117.102.66,simplemachines.org,$139.32,$9854.66
6,Chris,Carpenter,ccarpenter5@hud.gov,Male,208.18.210.21,drupal.org,$118.32,$7796.28
7,Maria,Griffin,mgriffin6@amazon.co.uk,Female,242.17.46.49,bing.com,$125.64,$3863.78
8,Doris,Barnes,dbarnes7@reverbnation.com,Female,8.180.26.232,ed.gov,$120.17,$7766.89
9,Jennifer,Kim,jkim8@goodreads.com,Female,127.121.115.129,psu.edu,$148.47,$1002.95
10,Anna,Henderson,ahenderson9@cnet.com,Female,225.53.96.80,php.net,$27.54,$383.88
11,Roger,Woods,rwoodsa@moonfruit.com,Male,173.11.69.67,vistaprint.com,$23.48,$6871.19
12,Patrick,Reid,preidb@yellowpages.com,Male,1.50.48.191,baidu.com,$44.17,$7773.67
13,Katherine,Kennedy,kkennedyc@devhub.com,Female,133.101.69.247,ehow.com,$120.14,$9444.06
14,Edward,Murray,emurrayd@photobucket.com,Male,133.210.126.176,ow.ly,$124.57,$5733.55
15,Gloria,Bennett,gbennette@github.io,Female,161.48.62.122,theglobeandmail.com,$73.81,$8119.23
16,Cheryl,Frazier,cfrazierf@miitbeian.gov.cn,Female,162.100.129.7,i2i.jp,$54.41,$5763.53
17,Sarah,Rivera,sriverag@addtoany.com,Female,186.242.126.190,tinypic.com,$83.22,$8899.99
18,Christopher,Shaw,cshawh@discovery.com,Male,108.207.197.116,nba.com,$149.27,$6785.94
19,Irene,Ellis,iellisi@google.it,Female,37.136.165.32,oakley.com,$18.65,$3556.68
20,Tammy,Berry,tberryj@uiuc.edu,Female,169.183.89.210,slideshare.net,$114.02,$3049.50
21,Jane,Wagner,jwagnerk@narod.ru,Female,124.107.245.91,engadget.com,$144.64,$8369.54
22,Louise,Carter,lcarterl@nationalgeographic.com,Female,29.250.102.126,163.com,$44.12,$203.48
23,Bruce,Anderson,bandersonm@multiply.com,Male,75.60.199.240,craigslist.org,$123.54,$1997.19
24,Pamela,Castillo,pcastillon@virginia.edu,Female,96.241.221.111,msu.edu,$48.47,$1102.11
25,Martin,Fuller,mfullero@ocn.ne.jp,Male,67.96.54.26,simplemachines.org,$116.52,$2864.16
26,Roy,Fisher,rfisherp@baidu.com,Male,82.227.243.51,wikispaces.com,$17.05,$6576.94
27,Justin,Baker,jbakerq@hp.com,Male,52.9.252.185,wsj.com,$33.93,$3546.43
28,Linda,White,lwhiter@parallels.com,Female,90.86.98.93,dailymail.co.uk,$32.46,$6345.14
29,Jesse,Montgomery,jmontgomerys@exblog.jp,Male,86.53.10.118,behance.net,$37.26,$1880.81
30,Scott,Reynolds,sreynoldst@twitpic.com,Male,87.218.63.127,forbes.com,$47.30,$8346.56
31,Paul,Stewart,pstewartu@ucla.edu,Male,65.141.198.218,icq.com,$17.44,$6418.39
32,Carol,Morales,cmoralesv@yale.edu,Female,0.32.220.218,com.com,$32.05,$2778.81
33,Scott,Hunter,shunterw@princeton.edu,Male,196.236.222.193,artisteer.com,$93.57,$8150.09
34,Shawn,Davis,sdavisx@noaa.gov,Male,182.230.46.170,illinois.edu,$128.60,$129.78
35,Andrea,Carpenter,acarpentery@columbia.edu,Female,248.183.120.151,biblegateway.com,$22.32,$8569.95
36,Anna,Taylor,ataylorz@un.org,Female,1.171.9.224,meetup.com,$126.86,$8755.56
37,Paula,Hernandez,phernandez10@imageshack.us,Female,37.101.41.77,histats.com,$97.89,$8845.62
38,Aaron,King,aking11@ihg.com,Male,105.147.246.205,webmd.com,$84.72,$4557.27
39,Kevin,Watson,kwatson12@tinypic.com,Male,80.122.237.86,t-online.de,$112.04,$3014.81
40,Edward,Kim,ekim13@wordpress.org,Male,189.222.100.191,etsy.com,$73.92,$8461.94
41,Randy,Hill,rhill14@slashdot.org,Male,221.211.232.177,vkontakte.ru,$101.62,$7310.49
42,Patricia,Chavez,pchavez15@about.com,Female,81.1.179.84,simplemachines.org,$78.72,$261.83
43,Barbara,Riley,briley16@bbb.org,Female,165.142.171.0,liveinternet.ru,$72.02,$1681.07
44,Judy,Shaw,jshaw17@cmu.edu,Female,250.250.96.30,dagondesign.com,$104.90,$6933.68
45,Edward,Hanson,ehanson18@princeton.edu,Male,123.82.222.74,spotify.com,$149.66,$7131.35
46,Helen,Gardner,hgardner19@google.es,Female,97.52.87.120,guardian.co.uk,$99.78,$2560.73
47,Harold,Ortiz,hortiz1a@webeden.co.uk,Male,139.119.152.89,howstuffworks.com,$132.47,$4433.59
48,Daniel,Pierce,dpierce1b@symantec.com,Male,172.163.128.7,theglobeandmail.com,$37.81,$6244.74
49,Rose,Schmidt,rschmidt1c@unblog.fr,Female,133.87.21.211,amazon.co.jp,$59.68,$9534.64
50,Sara,Williamson,swilliamson1d@bluehost.com,Female,3.216.99.180,nasa.gov,$94.74,$5703.88
51,Earl,Weaver,eweaver1e@alibaba.com,Male,112.227.124.157,ycombinator.com,$130.70,$9596.08
52,Marilyn,Burns,mburns1f@cbslocal.com,Female,247.192.17.66,hatena.ne.jp,$100.97,$9441.23
53,Martha,Johnson,mjohnson1g@artisteer.com,Female,220.115.147.66,printfriendly.com,$106.47,$2050.22
54,Alan,Murphy,amurphy1h@networksolutions.com,Male,251.198.83.218,sun.com,$12.23,$3236.46
55,Matthew,Elliott,melliott1i@360.cn,Male,51.175.68.76,europa.eu,$43.79,$3926.29
56,Karen,Kelly,kkelly1j@flickr.com,Female,27.126.53.169,earthlink.net,$142.40,$9577.24
57,Samuel,Fields,sfields1k@opera.com,Male,140.96.254.158,devhub.com,$104.82,$7988.29
58,Laura,Jackson,ljackson1l@barnesandnoble.com,Female,184.87.186.5,google.com.hk,$140.94,$9599.54
59,Bruce,Larson,blarson1m@weebly.com,Male,240.110.50.139,whitehouse.gov,$52.78,$7400.35
60,Earl,King,eking1n@ustream.tv,Male,68.242.212.175,cbc.ca,$148.94,$1641.91
61,Christopher,Simmons,csimmons1o@accuweather.com,Male,131.16.120.2,pcworld.com,$36.90,$4979.28
62,Larry,Arnold,larnold1p@sakura.ne.jp,Male,232.51.81.64,businessweek.com,$81.05,$8355.92
63,Jacqueline,Campbell,jcampbell1q@wisc.edu,Female,230.27.113.206,dyndns.org,$37.71,$8724.61
64,Anne,Lawson,alawson1r@accuweather.com,Female,23.88.135.242,earthlink.net,$68.67,$3207.64
65,George,Bishop,gbishop1s@photobucket.com,Male,218.238.122.24,sohu.com,$13.69,$8264.52
66,Steve,Freeman,sfreeman1t@nyu.edu,Male,81.234.243.217,fema.gov,$146.56,$2426.89
67,Anne,Gilbert,agilbert1u@scribd.com,Female,230.34.129.76,dion.ne.jp,$24.31,$5450.72
68,Fred,Ward,fward1v@xinhuanet.com,Male,127.152.117.48,apache.org,$72.53,$3239.73
69,Gloria,Carter,gcarter1w@cornell.edu,Female,135.254.105.4,google.es,$135.99,$6847.72
70,Bobby,Bailey,bbailey1x@angelfire.com,Male,207.221.183.114,sogou.com,$25.45,$2239.09
71,Julie,Johnson,jjohnson1y@nifty.com,Female,151.240.245.144,ycombinator.com,$123.93,$1681.73
72,Peter,Brown,pbrown1z@rakuten.co.jp,Male,240.73.132.204,mapquest.com,$36.11,$611.13
73,Michelle,Montgomery,mmontgomery20@examiner.com,Female,32.194.67.54,state.gov,$87.96,$5304.47
74,Annie,Pierce,apierce21@marriott.com,Female,149.73.191.205,drupal.org,$149.87,$8867.11
75,Brenda,Romero,bromero22@reference.com,Female,64.183.197.149,live.com,$22.56,$4766.66
76,Debra,Cole,dcole23@ox.ac.uk,Female,104.15.3.44,patch.com,$145.12,$3636.52
77,Julie,Sanders,jsanders24@e-recht24.de,Female,86.89.71.67,jiathis.com,$98.50,$1900.51
78,Rebecca,Wheeler,rwheeler25@webs.com,Female,92.72.131.34,msn.com,$14.33,$3511.05
79,Louis,Stone,lstone26@nbcnews.com,Male,227.130.152.148,answers.com,$16.31,$7697.84
80,Jesse,Medina,jmedina27@ezinearticles.com,Male,131.254.223.35,nps.gov,$32.19,$4498.96
81,Rose,Mendoza,rmendoza28@adobe.com,Female,125.153.149.226,amazon.co.jp,$14.84,$5187.37
82,Keith,Burton,kburton29@shutterfly.com,Male,62.253.111.66,loc.gov,$66.42,$9886.46
83,Benjamin,Gomez,bgomez2a@reference.com,Male,235.234.132.20,google.pl,$57.26,$4321.64
84,Betty,Harris,bharris2b@biglobe.ne.jp,Female,112.178.94.11,nymag.com,$116.03,$8734.39
85,Phyllis,Green,pgreen2c@noaa.gov,Female,12.48.221.191,twitpic.com,$69.61,$4628.85
86,Phyllis,Dunn,pdunn2d@zimbio.com,Female,73.58.80.17,wix.com,$146.67,$6842.46
87,Timothy,Morris,tmorris2e@ihg.com,Male,71.48.166.185,statcounter.com,$133.80,$174.70
88,Janice,Ortiz,jortiz2f@youtube.com,Female,108.16.107.98,xrea.com,$34.78,$3061.72
89,Katherine,Meyer,kmeyer2g@netscape.com,Female,181.29.175.96,chron.com,$148.99,$4231.20
90,Patrick,Johnson,pjohnson2h@arstechnica.com,Male,34.4.43.154,reuters.com,$82.46,$422.23
91,Richard,Lawrence,rlawrence2i@topsy.com,Male,152.14.111.21,economist.com,$114.31,$5834.57
92,Randy,Mason,rmason2j@bizjournals.com,Male,151.231.221.159,cbsnews.com,$100.96,$6690.72
93,Larry,Lewis,llewis2k@wikimedia.org,Male,20.106.54.4,booking.com,$37.12,$3442.83
94,Emily,Martin,emartin2l@utexas.edu,Female,63.26.60.28,wikia.com,$52.21,$9802.93
95,Angela,Rice,arice2m@zdnet.com,Female,129.111.62.231,nyu.edu,$90.20,$1701.80
96,Harry,Tucker,htucker2n@tripod.com,Male,216.37.154.1,guardian.co.uk,$110.35,$1397.65
97,Keith,Ray,kray2o@amazon.de,Male,189.22.145.7,so-net.ne.jp,$126.11,$9594.71
98,Albert,Day,aday2p@google.co.jp,Male,104.214.80.124,myspace.com,$126.56,$7818.03
99,Douglas,Evans,devans2q@lulu.com,Male,188.154.162.115,devhub.com,$109.70,$7856.63
100,Larry,Freeman,lfreeman2r@cornell.edu,Male,72.38.187.93,uol.com.br,$111.75,$8799.52
101,Jonathan,Foster,jfoster2s@ted.com,Male,42.25.21.59,goo.gl,$65.20,$3378.61
102,Martha,Reid,mreid2t@github.io,Female,120.245.6.175,hao123.com,$99.98,$8589.69
103,Mildred,Andrews,mandrews2u@a8.net,Female,252.251.109.1,who.int,$112.73,$9160.70
104,Andrea,Castillo,acastillo2v@blogspot.com,Female,76.11.103.248,springer.com,$31.47,$2142.95
105,Mark,Moore,mmoore2w@gravatar.com,Male,149.20.44.75,mysql.com,$111.14,$389.85
106,Phyllis,Oliver,poliver2x@pinterest.com,Female,12.155.45.88,elegantthemes.com,$68.05,$5960.57
107,Christine,Garrett,cgarrett2y@businesswire.com,Female,165.61.251.11,census.gov,$122.26,$2762.05
108,Katherine,Greene,kgreene2z@naver.com,Female,50.126.57.126,ucoz.com,$94.86,$5603.75
109,Marie,Berry,mberry30@umn.edu,Female,65.246.188.63,skype.com,$44.71,$3834.41
110,Bobby,Little,blittle31@archive.org,Male,126.138.184.28,dagondesign.com,$132.41,$2092.01
111,Frances,Butler,fbutler32@shop-pro.jp,Female,178.147.212.165,newyorker.com,$69.99,$4312.57
112,Angela,Fisher,afisher33@theglobeandmail.com,Female,160.243.159.180,barnesandnoble.com,$31.03,$4831.29
113,Timothy,Richardson,trichardson34@engadget.com,Male,92.13.107.144,istockphoto.com,$82.47,$5561.57
114,Julie,Hill,jhill35@goo.gl,Female,209.189.228.18,cnbc.com,$58.37,$9759.29
115,Kathryn,Fisher,kfisher36@mediafire.com,Female,25.214.140.97,va.gov,$111.16,$8156.90
116,Frances,Brooks,fbrooks37@eepurl.com,Female,178.161.7.99,narod.ru,$131.78,$1630.89
117,Johnny,Matthews,jmatthews38@booking.com,Male,201.97.120.239,webs.com,$45.24,$6025.82
118,Roger,Hanson,rhanson39@tinyurl.com,Male,0.156.223.223,loc.gov,$33.22,$5710.79
119,Dennis,Perkins,dperkins3a@loc.gov,Male,6.196.61.233,deviantart.com,$45.61,$5949.26
120,Eric,Wood,ewood3b@google.co.jp,Male,69.67.184.210,unicef.org,$52.96,$8628.85
121,Roy,Elliott,relliott3c@nbcnews.com,Male,37.187.43.17,hao123.com,$142.08,$2354.81
122,Brian,Hicks,bhicks3d@toplist.cz,Male,238.213.112.106,joomla.org,$119.72,$5595.40
123,Shawn,Frazier,sfrazier3e@so-net.ne.jp,Male,69.140.125.154,nydailynews.com,$38.11,$3625.75
124,Timothy,Mason,tmason3f@uol.com.br,Male,6.197.232.251,newsvine.com,$100.71,$2850.05
125,Paul,Howard,phoward3g@bravesites.com,Male,147.145.162.87,tuttocitta.it,$93.24,$9585.48
126,Earl,Kelly,ekelly3h@walmart.com,Male,134.226.138.128,mayoclinic.com,$123.38,$7632.39
127,Gregory,Owens,gowens3i@163.com,Male,188.160.210.247,stanford.edu,$30.37,$2261.75
128,Joe,Hunter,jhunter3j@skype.com,Male,39.79.71.149,microsoft.com,$16.47,$6308.70
129,Sharon,Hall,shall3k@nifty.com,Female,19.161.44.97,umich.edu,$98.81,$8964.34
130,Deborah,Reid,dreid3l@google.com.hk,Female,131.97.2.22,amazon.de,$12.42,$937.01
131,Susan,Martinez,smartinez3m@google.com.hk,Female,60.17.224.63,soundcloud.com,$30.96,$596.80
132,Helen,Austin,haustin3n@purevolume.com,Female,77.77.5.11,meetup.com,$52.35,$6477.50
133,James,Rogers,jrogers3o@usa.gov,Male,117.175.129.28,godaddy.com,$26.24,$4779.09
134,Julie,Martin,jmartin3p@ftc.gov,Female,170.16.30.15,apple.com,$134.96,$4051.82
135,Russell,Bradley,rbradley3q@blogs.com,Male,1.122.82.135,pcworld.com,$97.91,$7522.05
136,Frances,Ford,fford3r@mediafire.com,Female,72.213.223.198,pbs.org,$124.43,$5796.26
137,Robin,Montgomery,rmontgomery3s@tiny.cc,Female,225.214.65.168,ox.ac.uk,$134.74,$943.60
138,James,Reid,jreid3t@blog.com,Male,217.239.148.156,constantcontact.com,$38.39,$9117.77
139,Deborah,Arnold,darnold3u@disqus.com,Female,108.82.189.227,acquirethisname.com,$134.88,$5383.58
140,Joyce,Andrews,jandrews3v@nationalgeographic.com,Female,226.35.249.118,comcast.net,$132.67,$183.05
141,Ralph,Elliott,relliott3w@wikipedia.org,Male,41.155.173.78,eepurl.com,$34.50,$4970.33
142,Sarah,Johnson,sjohnson3x@va.gov,Female,247.100.4.30,list-manage.com,$97.74,$7087.18
143,James,Harrison,jharrison3y@cdbaby.com,Male,49.170.238.72,archive.org,$88.37,$3915.80
144,Christine,Gibson,cgibson3z@homestead.com,Female,186.241.18.162,loc.gov,$100.76,$405.94
145,Teresa,Mcdonald,tmcdonald40@example.com,Female,119.200.96.83,amazon.de,$11.97,$5759.90
146,Shawn,Stanley,sstanley41@zimbio.com,Male,169.166.19.23,cyberchimps.com,$42.60,$2614.36
147,Billy,Reid,breid42@state.gov,Male,246.184.207.181,phoca.cz,$93.09,$6332.41
148,Diana,Garza,dgarza43@instagram.com,Female,205.214.92.154,naver.com,$73.97,$2138.52
149,Jonathan,Snyder,jsnyder44@harvard.edu,Male,22.23.177.230,cdbaby.com,$77.80,$9262.78
150,Antonio,Marshall,amarshall45@cdbaby.com,Male,206.99.205.85,tripod.com,$52.19,$1129.09
151,Andrew,Green,agreen46@goo.gl,Male,86.55.136.185,last.fm,$94.75,$925.95
152,Samuel,Gomez,sgomez47@indiatimes.com,Male,206.3.232.190,nasa.gov,$43.43,$6674.47
153,Denise,Kim,dkim48@addtoany.com,Female,45.94.221.63,spotify.com,$17.13,$6288.75
154,Joe,Morris,jmorris49@merriam-webster.com,Male,67.77.0.162,mapquest.com,$142.51,$4298.09
155,Timothy,Black,tblack4a@toplist.cz,Male,42.247.198.7,pagesperso-orange.fr,$117.68,$3065.93
156,Ronald,Porter,rporter4b@comsenz.com,Male,16.17.111.245,ebay.com,$100.01,$8069.28
157,Stephanie,Oliver,soliver4c@ycombinator.com,Female,234.3.56.1,ask.com,$78.04,$880.24
158,Gary,Walker,gwalker4d@state.gov,Male,67.33.38.195,nationalgeographic.com,$95.18,$6624.32
159,Walter,Meyer,wmeyer4e@bravesites.com,Male,74.244.163.168,vk.com,$117.36,$6503.27
160,Victor,Wells,vwells4f@huffingtonpost.com,Male,0.193.246.201,360.cn,$126.33,$6171.64
161,Mary,Cunningham,mcunningham4g@ucsd.edu,Female,92.108.99.25,smh.com.au,$111.00,$9970.19
162,Jennifer,Hayes,jhayes4h@prweb.com,Female,7.140.196.54,noaa.gov,$93.42,$7694.45
163,Frances,Shaw,fshaw4i@newyorker.com,Female,76.222.189.124,mapquest.com,$45.25,$1534.21
164,Jeffrey,Austin,jaustin4j@prnewswire.com,Male,248.191.77.194,aol.com,$146.75,$6016.63
165,Andrew,Boyd,aboyd4k@imgur.com,Male,41.212.3.120,domainmarket.com,$59.31,$7343.26
166,Peter,Ramirez,pramirez4l@prnewswire.com,Male,83.52.15.60,wp.com,$30.23,$5111.15
167,Theresa,Russell,trussell4m@google.de,Female,78.56.67.236,cbsnews.com,$127.58,$1994.02
168,Janice,Mason,jmason4n@prnewswire.com,Female,229.86.217.195,statcounter.com,$70.27,$8704.33
169,Judith,Holmes,jholmes4o@scribd.com,Female,55.51.73.251,about.me,$114.10,$5291.07
170,Willie,Cooper,wcooper4p@rakuten.co.jp,Male,217.111.252.22,naver.com,$22.35,$7156.63
171,Lillian,Hamilton,lhamilton4q@wikipedia.org,Female,154.190.167.112,angelfire.com,$79.09,$7576.99
172,Kelly,Ward,kward4r@skype.com,Female,80.235.182.176,bing.com,$85.31,$3670.74
173,Lisa,Daniels,ldaniels4s@i2i.jp,Female,98.82.7.148,google.com.au,$113.73,$1538.29
174,Ashley,Hall,ahall4t@senate.gov,Female,161.73.159.13,hud.gov,$26.14,$9746.62
175,Cheryl,Jordan,cjordan4u@multiply.com,Female,137.29.235.97,free.fr,$66.30,$7354.71
176,David,Cox,dcox4v@google.com.br,Male,41.109.91.54,mtv.com,$34.25,$4060.75
177,Raymond,Collins,rcollins4w@blogs.com,Male,251.21.245.102,apple.com,$50.71,$3981.30
178,Martin,Russell,mrussell4x@weebly.com,Male,63.134.75.50,nationalgeographic.com,$105.83,$5324.37
179,Virginia,Nguyen,vnguyen4y@home.pl,Female,25.217.81.231,artisteer.com,$90.93,$4476.64
180,Charles,Lewis,clewis4z@microsoft.com,Male,5.74.147.35,booking.com,$46.41,$623.10
181,Sean,Kim,skim50@hao123.com,Male,86.4.207.41,ucsd.edu,$139.81,$9144.96
182,Paul,Shaw,pshaw51@tinyurl.com,Male,57.177.199.19,free.fr,$14.06,$6105.05
183,Julie,Greene,jgreene52@canalblog.com,Female,251.44.7.196,photobucket.com,$65.76,$5058.92
184,Margaret,Owens,mowens53@nsw.gov.au,Female,99.216.144.202,xinhuanet.com,$52.01,$9963.89
185,Marilyn,Bell,mbell54@huffingtonpost.com,Female,161.51.59.118,home.pl,$57.02,$4256.26
186,Joe,Burton,jburton55@google.com.hk,Male,238.180.249.57,latimes.com,$27.22,$4132.74
187,Denise,Fields,dfields56@nydailynews.com,Female,162.232.70.78,shutterfly.com,$118.59,$1056.70
188,Adam,Harper,aharper57@imageshack.us,Male,49.8.156.127,bigcartel.com,$29.36,$3806.82
189,Frances,Thomas,fthomas58@zdnet.com,Female,182.223.10.77,blogs.com,$21.11,$6605.43
190,Marie,Cox,mcox59@sbwire.com,Female,128.15.45.228,nyu.edu,$17.33,$153.86
191,Gregory,Gibson,ggibson5a@epa.gov,Male,73.183.142.184,techcrunch.com,$112.16,$1936.94
192,Jesse,Ramos,jramos5b@posterous.com,Male,92.96.16.196,tinyurl.com,$77.80,$8519.17
193,Louis,Bishop,lbishop5c@google.es,Male,206.47.218.178,sun.com,$31.64,$2472.58
194,Michael,Ray,mray5d@businesswire.com,Male,41.165.236.228,eepurl.com,$61.30,$9400.17
195,Lois,Morris,lmorris5e@devhub.com,Female,133.172.175.174,nymag.com,$42.30,$4274.17
196,Ralph,Price,rprice5f@microsoft.com,Male,172.218.129.146,mapy.cz,$56.62,$9538.37
197,Sean,Alvarez,salvarez5g@ifeng.com,Male,209.163.154.194,mysql.com,$90.64,$5649.58
198,Louis,Watkins,lwatkins5h@nifty.com,Male,16.118.37.142,redcross.org,$135.25,$7489.58
199,Shawn,Carr,scarr5i@dagondesign.com,Male,196.82.101.187,diigo.com,$25.04,$1146.24
200,Donna,Lewis,dlewis5j@addthis.com,Female,78.106.255.149,wikia.com,$26.97,$352.10
201,Walter,Lee,wlee5k@alibaba.com,Male,236.42.80.86,cornell.edu,$139.27,$3070.49
202,Jeremy,Jordan,jjordan5l@mlb.com,Male,161.69.51.199,plala.or.jp,$134.00,$4498.56
203,Gary,Brown,gbrown5m@ox.ac.uk,Male,206.246.33.245,slashdot.org,$116.68,$9505.43
204,Alan,Black,ablack5n@vk.com,Male,245.242.29.87,artisteer.com,$94.19,$8324.66
205,Lisa,Gonzalez,lgonzalez5o@reference.com,Female,5.220.82.23,stanford.edu,$90.85,$4866.59
206,Helen,Flores,hflores5p@nba.com,Female,183.175.197.5,reddit.com,$56.86,$5620.03
207,Joshua,Rice,jrice5q@etsy.com,Male,106.16.150.108,ameblo.jp,$33.26,$1319.05
208,Maria,Rivera,mrivera5r@dmoz.org,Female,161.59.226.157,prweb.com,$81.60,$4281.90
209,Donna,Parker,dparker5s@discuz.net,Female,220.239.70.215,ask.com,$138.97,$7698.62
210,Gary,Price,gprice5t@gmpg.org,Male,133.36.226.90,drupal.org,$100.72,$8540.63
211,Harry,Richardson,hrichardson5u@chicagotribune.com,Male,86.130.211.228,dot.gov,$64.71,$9233.76
212,Annie,Diaz,adiaz5v@oaic.gov.au,Female,51.40.51.122,mozilla.com,$93.45,$4196.74
213,Ruby,Banks,rbanks5w@prweb.com,Female,102.93.126.185,imdb.com,$70.98,$3904.23
214,Margaret,Turner,mturner5x@house.gov,Female,188.31.151.80,pbs.org,$60.58,$4436.80
215,Deborah,Oliver,doliver5y@ovh.net,Female,245.165.179.100,phpbb.com,$131.43,$2623.96
216,Mary,Gonzalez,mgonzalez5z@whitehouse.gov,Female,54.250.83.213,technorati.com,$120.66,$8251.56
217,Billy,Garcia,bgarcia60@opera.com,Male,202.64.7.34,theatlantic.com,$92.25,$3264.11
218,Michael,Fuller,mfuller61@phpbb.com,Male,134.114.135.132,cafepress.com,$59.59,$3108.82
219,Kimberly,Stephens,kstephens62@nbcnews.com,Female,15.60.102.237,deviantart.com,$144.62,$2554.97
220,Rebecca,Greene,rgreene63@shinystat.com,Female,127.206.104.148,eepurl.com,$54.41,$6006.11
221,Louis,Tucker,ltucker64@netvibes.com,Male,248.17.203.46,vinaora.com,$69.13,$1807.27
222,Roger,George,rgeorge65@godaddy.com,Male,241.192.133.13,cisco.com,$44.25,$9533.63
223,Carl,Wilson,cwilson66@un.org,Male,221.120.115.220,naver.com,$63.15,$1897.46
224,Harry,Perkins,hperkins67@google.nl,Male,2.131.131.89,shinystat.com,$50.15,$6254.75
225,Debra,Wallace,dwallace68@ifeng.com,Female,167.138.134.179,illinois.edu,$95.98,$5726.45
226,Cynthia,Henderson,chenderson69@studiopress.com,Female,48.167.93.237,kickstarter.com,$130.78,$6965.93
227,Samuel,Collins,scollins6a@sfgate.com,Male,174.32.77.245,wp.com,$77.37,$168.24
228,Sara,Daniels,sdaniels6b@so-net.ne.jp,Female,185.214.130.140,wsj.com,$38.49,$4450.99
229,Billy,Bell,bbell6c@webnode.com,Male,29.156.108.149,geocities.com,$56.00,$2413.86
230,Emily,Mills,emills6d@guardian.co.uk,Female,152.143.155.51,bloglines.com,$69.50,$7834.14
231,Michelle,Wright,mwright6e@1688.com,Female,248.253.233.2,tinyurl.com,$40.88,$159.69
232,Margaret,Patterson,mpatterson6f@blogger.com,Female,131.206.42.0,princeton.edu,$124.55,$3201.11
233,Frank,Jenkins,fjenkins6g@hugedomains.com,Male,183.11.43.209,indiegogo.com,$82.15,$7468.10
234,David,Arnold,darnold6h@who.int,Male,17.219.215.142,wikimedia.org,$90.08,$2484.43
235,Julia,Baker,jbaker6i@wired.com,Female,220.125.235.59,cam.ac.uk,$125.19,$2291.56
236,Michelle,Hayes,mhayes6j@mlb.com,Female,22.189.18.80,instagram.com,$96.69,$2512.99
237,Debra,Robertson,drobertson6k@timesonline.co.uk,Female,149.212.184.47,eventbrite.com,$78.53,$1997.66
238,Harold,Ramirez,hramirez6l@shop-pro.jp,Male,173.240.228.100,networksolutions.com,$94.67,$842.12
239,Linda,Palmer,lpalmer6m@yelp.com,Female,226.59.99.72,uiuc.edu,$136.33,$8422.12
240,Louis,Hunt,lhunt6n@zdnet.com,Male,70.175.215.82,blogger.com,$133.40,$5518.03
241,Emily,Williams,ewilliams6o@dot.gov,Female,196.15.49.137,elpais.com,$13.01,$7998.75
242,Katherine,Burke,kburke6p@buzzfeed.com,Female,7.36.144.166,ehow.com,$38.43,$641.47
243,Irene,Hunt,ihunt6q@smugmug.com,Female,122.58.105.209,wikimedia.org,$104.99,$2854.96
244,Bonnie,Harrison,bharrison6r@imageshack.us,Female,126.234.175.122,naver.com,$14.12,$8834.01
245,Todd,Spencer,tspencer6s@bravesites.com,Male,230.222.163.205,infoseek.co.jp,$131.64,$3539.98
246,Timothy,Stevens,tstevens6t@deviantart.com,Male,45.20.152.248,sciencedaily.com,$69.58,$1525.03
247,Gerald,Willis,gwillis6u@oakley.com,Male,219.250.236.212,ehow.com,$41.69,$4753.07
248,Pamela,Banks,pbanks6v@bandcamp.com,Female,88.140.229.72,fda.gov,$58.14,$9210.00
249,Benjamin,Foster,bfoster6w@blogs.com,Male,191.71.47.172,cbsnews.com,$97.41,$7585.22
250,Rachel,Morrison,rmorrison6x@goo.ne.jp,Female,62.216.37.92,clickbank.net,$110.66,$851.71
251,Mary,Schmidt,mschmidt6y@pbs.org,Female,47.60.106.240,tumblr.com,$20.35,$2339.16
252,Jeremy,Mitchell,jmitchell6z@accuweather.com,Male,104.98.169.251,craigslist.org,$132.97,$5746.47
253,Frank,Rivera,frivera70@state.gov,Male,32.3.126.71,hp.com,$24.83,$219.28
254,Laura,Banks,lbanks71@reference.com,Female,189.42.172.88,shareasale.com,$131.47,$8787.65
255,Nancy,Kim,nkim72@google.de,Female,0.49.85.81,spiegel.de,$122.44,$3616.70
256,Justin,White,jwhite73@guardian.co.uk,Male,147.237.164.0,adobe.com,$43.71,$462.98
257,Ralph,Porter,rporter74@macromedia.com,Male,245.84.188.252,wix.com,$95.03,$8032.48
258,Donna,Carter,dcarter75@freewebs.com,Female,158.98.234.197,sun.com,$47.88,$3909.26
259,Angela,Hanson,ahanson76@tuttocitta.it,Female,120.222.185.66,drupal.org,$120.16,$8366.08
260,Phillip,Fuller,pfuller77@meetup.com,Male,144.85.183.175,hibu.com,$82.98,$4660.57
261,Carolyn,Rogers,crogers78@free.fr,Female,0.140.156.193,flavors.me,$62.75,$8628.81
262,Ronald,Hill,rhill79@cornell.edu,Male,175.34.211.89,nytimes.com,$143.42,$9357.29
263,Melissa,Ramirez,mramirez7a@usnews.com,Female,229.19.140.66,youku.com,$96.31,$5932.21
264,Kenneth,Griffin,kgriffin7b@craigslist.org,Male,230.193.122.127,exblog.jp,$77.00,$6968.82
265,Julie,Elliott,jelliott7c@scientificamerican.com,Female,35.157.70.210,paginegialle.it,$98.24,$9682.83
266,Debra,Shaw,dshaw7d@mlb.com,Female,229.198.246.117,friendfeed.com,$94.71,$4032.61
267,Mary,Wood,mwood7e@shop-pro.jp,Female,168.20.75.163,youtube.com,$147.22,$3509.16
268,Martin,Bennett,mbennett7f@simplemachines.org,Male,222.137.162.115,histats.com,$12.73,$4631.70
269,Christine,Banks,cbanks7g@comcast.net,Female,159.69.190.180,ftc.gov,$25.12,$5218.26
270,Kathy,Ortiz,kortiz7h@eventbrite.com,Female,123.43.250.114,tinyurl.com,$116.49,$1478.64
271,Katherine,Duncan,kduncan7i@arizona.edu,Female,68.236.51.147,plala.or.jp,$145.35,$1826.19
272,Daniel,Andrews,dandrews7j@eventbrite.com,Male,117.106.121.19,tinyurl.com,$114.55,$7391.22
273,Walter,Stone,wstone7k@freewebs.com,Male,248.166.204.110,uiuc.edu,$44.99,$3462.01
274,Lillian,Stephens,lstephens7l@nbcnews.com,Female,194.13.126.211,weather.com,$125.18,$7609.16
275,Antonio,Phillips,aphillips7m@ow.ly,Male,74.168.60.232,usda.gov,$60.50,$1000.90
276,Lisa,Mendoza,lmendoza7n@discovery.com,Female,184.159.0.228,who.int,$103.35,$9953.37
277,Todd,Hawkins,thawkins7o@smh.com.au,Male,38.104.200.1,cbslocal.com,$52.77,$9154.73
278,Lori,Gomez,lgomez7p@un.org,Female,165.254.167.215,is.gd,$50.23,$9563.59
279,Mark,Wright,mwright7q@weather.com,Male,12.121.31.46,utexas.edu,$39.83,$2252.83
280,Kenneth,Welch,kwelch7r@ehow.com,Male,210.84.57.13,yale.edu,$113.66,$8794.85
281,Craig,Coleman,ccoleman7s@gizmodo.com,Male,199.158.101.238,ifeng.com,$37.99,$8789.41
282,Willie,Jackson,wjackson7t@cdc.gov,Male,213.131.202.32,example.com,$111.97,$3441.99
283,Linda,Reid,lreid7u@imdb.com,Female,44.101.102.206,ebay.co.uk,$51.88,$7553.10
284,Sharon,Kelly,skelly7v@sbwire.com,Female,200.169.129.74,shinystat.com,$133.84,$8471.46
285,Shirley,Oliver,soliver7w@senate.gov,Female,20.8.143.30,gravatar.com,$135.34,$1013.86
286,Tammy,Snyder,tsnyder7x@fda.gov,Female,20.68.200.135,naver.com,$38.13,$7493.18
287,Christine,Wagner,cwagner7y@dmoz.org,Female,138.94.240.44,si.edu,$145.00,$4256.20
288,Eugene,Austin,eaustin7z@senate.gov,Male,4.253.225.78,diigo.com,$35.22,$6327.56
289,Howard,Allen,hallen80@cyberchimps.com,Male,120.180.72.146,163.com,$19.32,$7220.46
290,Terry,Allen,tallen81@slideshare.net,Male,70.152.158.128,hhs.gov,$52.34,$2564.36
291,Justin,Dunn,jdunn82@thetimes.co.uk,Male,37.177.31.187,ftc.gov,$125.62,$5056.35
292,Johnny,Welch,jwelch83@amazon.co.jp,Male,53.29.226.43,soundcloud.com,$40.63,$1858.41
293,Walter,Garrett,wgarrett84@nih.gov,Male,9.160.175.136,yellowbook.com,$109.34,$9473.64
294,Peter,Russell,prussell85@amazonaws.com,Male,104.44.225.208,usgs.gov,$59.86,$8840.30
295,Marilyn,Wheeler,mwheeler86@weebly.com,Female,16.155.83.237,behance.net,$54.96,$861.68
296,Wanda,Griffin,wgriffin87@sina.com.cn,Female,212.138.15.28,businesswire.com,$139.66,$5509.13
297,Joyce,Franklin,jfranklin88@t-online.de,Female,251.10.196.66,nature.com,$128.19,$7031.72
298,Ernest,Fowler,efowler89@google.cn,Male,123.208.125.125,purevolume.com,$113.10,$2795.63
299,Betty,Graham,bgraham8a@g.co,Female,161.114.28.126,blogtalkradio.com,$37.51,$159.99
300,Kenneth,Lee,klee8b@over-blog.com,Male,133.129.143.82,buzzfeed.com,$94.37,$4584.61
301,Jean,Stone,jstone8c@auda.org.au,Female,8.53.48.48,elpais.com,$109.59,$6410.87
302,Jean,Harrison,jharrison8d@state.gov,Female,137.238.190.112,nationalgeographic.com,$138.60,$7169.25
303,Evelyn,Lane,elane8e@harvard.edu,Female,80.185.120.97,java.com,$74.66,$8211.20
304,Timothy,Patterson,tpatterson8f@va.gov,Male,78.49.90.29,squidoo.com,$56.43,$6648.77
305,Patricia,James,pjames8g@wisc.edu,Female,80.92.22.96,harvard.edu,$131.86,$1130.54
306,Terry,Harris,tharris8h@epa.gov,Male,76.222.208.201,example.com,$90.63,$1951.59
307,Joseph,Gilbert,jgilbert8i@guardian.co.uk,Male,178.218.209.246,miitbeian.gov.cn,$87.21,$2929.34
308,Jennifer,Riley,jriley8j@reference.com,Female,38.186.249.236,yelp.com,$142.59,$3032.77
309,Sara,Roberts,sroberts8k@t-online.de,Female,83.170.39.98,cisco.com,$85.14,$9458.64
310,Robert,Bishop,rbishop8l@gravatar.com,Male,1.38.1.89,myspace.com,$85.23,$5879.26
311,Adam,Moreno,amoreno8m@theguardian.com,Male,89.191.161.251,hatena.ne.jp,$110.66,$6894.93
312,Ryan,Romero,rromero8n@ezinearticles.com,Male,238.160.82.120,unblog.fr,$18.08,$1556.73
313,Jane,Henderson,jhenderson8o@cdbaby.com,Female,50.103.30.177,kickstarter.com,$104.63,$7974.09
314,Robin,Garrett,rgarrett8p@admin.ch,Female,99.243.210.250,squidoo.com,$124.35,$3328.09
315,Rebecca,Ramirez,rramirez8q@lycos.com,Female,118.207.126.56,imgur.com,$28.87,$2533.53
316,Phyllis,Moore,pmoore8r@usatoday.com,Female,65.246.171.209,shinystat.com,$46.22,$1779.81
317,Steve,Porter,sporter8s@ebay.co.uk,Male,202.233.16.224,creativecommons.org,$143.58,$8003.74
318,Diane,Richards,drichards8t@so-net.ne.jp,Female,73.20.235.99,youtu.be,$130.31,$9610.64
319,Eugene,Wilson,ewilson8u@eventbrite.com,Male,194.238.39.37,wunderground.com,$15.35,$7660.83
320,Sharon,Thompson,sthompson8v@sun.com,Female,186.23.79.192,java.com,$91.71,$8417.96
321,Henry,Barnes,hbarnes8w@flavors.me,Male,185.84.148.225,ow.ly,$115.91,$2791.58
322,Matthew,Chapman,mchapman8x@nydailynews.com,Male,196.7.184.0,twitpic.com,$76.96,$5598.46
323,Janice,Kennedy,jkennedy8y@huffingtonpost.com,Female,20.129.2.37,gov.uk,$72.36,$3835.94
324,Judith,Shaw,jshaw8z@cnbc.com,Female,108.35.55.224,businessinsider.com,$71.34,$5983.02
325,Steve,Turner,sturner90@shareasale.com,Male,196.117.176.150,japanpost.jp,$98.80,$1202.46
326,Paul,Simmons,psimmons91@jigsy.com,Male,251.55.234.220,ifeng.com,$109.88,$5090.90
327,Christina,Allen,callen92@stumbleupon.com,Female,219.218.91.98,csmonitor.com,$107.35,$2084.66
328,Nancy,Lewis,nlewis93@archive.org,Female,238.72.24.118,angelfire.com,$116.09,$2378.20
329,Sarah,Allen,sallen94@reference.com,Female,93.204.127.133,sciencedaily.com,$141.81,$1542.72
330,Mildred,Carpenter,mcarpenter95@yellowpages.com,Female,9.40.56.108,paginegialle.it,$112.86,$5811.82
331,Arthur,Howard,ahoward96@macromedia.com,Male,150.47.233.100,webnode.com,$117.93,$348.07
332,Howard,Fisher,hfisher97@ycombinator.com,Male,35.150.135.27,spotify.com,$23.14,$429.95
333,Sean,Boyd,sboyd98@mac.com,Male,24.75.141.95,networkadvertising.org,$132.29,$7589.08
334,Wayne,Olson,wolson99@cocolog-nifty.com,Male,77.111.154.177,nih.gov,$92.19,$8164.28
335,Henry,Olson,holson9a@ehow.com,Male,201.126.96.98,timesonline.co.uk,$37.96,$9401.87
336,Justin,Ward,jward9b@bbc.co.uk,Male,167.68.190.183,ox.ac.uk,$62.51,$3093.87
337,Barbara,Gutierrez,bgutierrez9c@woothemes.com,Female,117.94.21.131,omniture.com,$119.77,$7547.64
338,Kenneth,Bell,kbell9d@cisco.com,Male,242.21.2.251,uol.com.br,$30.11,$636.53
339,Margaret,Morris,mmorris9e@google.nl,Female,103.2.108.97,shareasale.com,$79.26,$5800.12
340,Donald,Willis,dwillis9f@miibeian.gov.cn,Male,26.18.241.88,cnbc.com,$135.41,$5355.54
341,Steve,Lane,slane9g@spotify.com,Male,128.34.75.218,gov.uk,$121.00,$5303.93
342,Virginia,Burke,vburke9h@ifeng.com,Female,44.106.149.234,cmu.edu,$110.73,$9632.05
343,Teresa,Smith,tsmith9i@slate.com,Female,179.194.65.26,oakley.com,$16.56,$6334.74
344,Michelle,Price,mprice9j@hhs.gov,Female,110.131.38.160,craigslist.org,$10.44,$995.57
345,Donna,Ryan,dryan9k@google.com.hk,Female,191.243.116.31,oracle.com,$62.69,$9898.61
346,Theresa,Perry,tperry9l@twitpic.com,Female,18.200.196.113,alexa.com,$66.12,$952.88
347,Lillian,Daniels,ldaniels9m@ycombinator.com,Female,190.99.81.150,un.org,$112.38,$1763.02
348,Frances,Brooks,fbrooks9n@hubpages.com,Female,15.153.187.226,naver.com,$118.11,$5533.05
349,Lori,Dixon,ldixon9o@homestead.com,Female,199.54.39.210,mac.com,$36.95,$8645.85
350,Charles,Hayes,chayes9p@netvibes.com,Male,244.162.158.21,examiner.com,$113.95,$5510.19
351,William,Garza,wgarza9q@simplemachines.org,Male,227.60.16.56,theglobeandmail.com,$149.95,$904.93
352,George,Watkins,gwatkins9r@indiatimes.com,Male,225.165.182.136,tinypic.com,$52.61,$5812.43
353,Samuel,Murray,smurray9s@house.gov,Male,58.148.199.226,globo.com,$127.54,$3081.48
354,Ronald,Wilson,rwilson9t@ebay.co.uk,Male,13.148.76.216,deliciousdays.com,$57.09,$9104.88
355,Wayne,Hart,whart9u@symantec.com,Male,83.167.224.45,narod.ru,$45.33,$7200.47
356,Scott,Stevens,sstevens9v@gizmodo.com,Male,152.26.115.155,moonfruit.com,$51.75,$1541.99
357,Barbara,Day,bday9w@weibo.com,Female,72.21.125.6,army.mil,$124.16,$6145.83
358,Benjamin,Howell,bhowell9x@ow.ly,Male,251.36.89.72,miitbeian.gov.cn,$148.77,$6619.80
359,Martin,Foster,mfoster9y@accuweather.com,Male,195.214.106.89,purevolume.com,$102.87,$2469.80
360,Timothy,Fields,tfields9z@biblegateway.com,Male,96.245.252.175,wikipedia.org,$79.34,$9799.46
361,Justin,Jordan,jjordana0@un.org,Male,10.127.61.5,biglobe.ne.jp,$11.12,$6239.18
362,Ryan,Cole,rcolea1@economist.com,Male,5.196.98.102,ow.ly,$90.38,$4287.15
363,Doris,Elliott,delliotta2@theglobeandmail.com,Female,209.147.84.12,opera.com,$95.58,$6117.30
364,Stephanie,Morgan,smorgana3@bloomberg.com,Female,60.64.114.69,mapy.cz,$53.86,$2781.87
365,Mildred,Fernandez,mfernandeza4@symantec.com,Female,119.93.245.55,hostgator.com,$136.88,$6056.82
366,Alan,Sanchez,asancheza5@wikia.com,Male,155.49.202.205,sbwire.com,$142.61,$7457.59
367,Rebecca,King,rkinga6@seesaa.net,Female,77.114.65.227,bloglines.com,$80.64,$7215.55
368,Elizabeth,Hayes,ehayesa7@tinypic.com,Female,4.71.231.205,mapy.cz,$70.78,$5267.91
369,Stephen,Kennedy,skennedya8@cbslocal.com,Male,133.57.164.240,nationalgeographic.com,$49.07,$5310.24
370,Linda,Harris,lharrisa9@apple.com,Female,71.245.240.186,cbc.ca,$47.70,$1811.33
371,Kathryn,Ford,kfordaa@umich.edu,Female,159.35.153.28,moonfruit.com,$91.76,$5447.05
372,Kimberly,Chavez,kchavezab@accuweather.com,Female,241.247.25.235,ycombinator.com,$49.83,$4196.97
373,Sara,Roberts,srobertsac@oaic.gov.au,Female,8.200.240.89,timesonline.co.uk,$86.67,$8021.61
374,Todd,Fisher,tfisherad@diigo.com,Male,242.3.138.82,pcworld.com,$48.64,$4256.43
375,Tina,Jones,tjonesae@indiatimes.com,Female,102.119.202.109,themeforest.net,$94.86,$6958.43
376,William,Reid,wreidaf@weibo.com,Male,19.34.33.114,uiuc.edu,$91.00,$7900.70
377,Keith,Rodriguez,krodriguezag@spiegel.de,Male,98.89.28.102,java.com,$91.45,$2219.49
378,Doris,Fisher,dfisherah@wikipedia.org,Female,127.26.36.197,washington.edu,$48.31,$4224.41
379,Katherine,Rodriguez,krodriguezai@weibo.com,Female,189.254.123.82,nymag.com,$114.78,$4214.87
380,Frances,Hayes,fhayesaj@feedburner.com,Female,194.143.11.230,typepad.com,$111.45,$7140.59
381,Charles,Coleman,ccolemanak@chron.com,Male,26.15.243.134,purevolume.com,$96.03,$1855.32
382,Douglas,Dean,ddeanal@answers.com,Male,73.65.225.86,intel.com,$100.03,$8346.59
383,Kelly,Austin,kaustinam@state.tx.us,Female,244.145.198.133,networksolutions.com,$85.74,$8803.70
384,Marie,Ryan,mryanan@dedecms.com,Female,188.0.99.251,photobucket.com,$137.57,$2031.21
385,Willie,Owens,wowensao@nih.gov,Male,16.121.140.149,t.co,$75.18,$6704.31
386,Raymond,Howard,rhowardap@smugmug.com,Male,67.30.133.123,jimdo.com,$68.87,$9338.23
387,Terry,Stewart,tstewartaq@google.es,Male,253.67.172.191,cmu.edu,$115.29,$8175.02
388,Kimberly,Fernandez,kfernandezar@opera.com,Female,97.0.89.102,sciencedirect.com,$96.60,$9729.66
389,Carol,Smith,csmithas@craigslist.org,Female,221.121.69.113,google.cn,$28.57,$8356.79
390,John,Bishop,jbishopat@deviantart.com,Male,87.32.2.97,cisco.com,$113.90,$9670.60
391,Jean,Franklin,jfranklinau@behance.net,Female,197.107.31.46,prnewswire.com,$111.76,$5042.34
392,Cheryl,Hernandez,chernandezav@posterous.com,Female,58.4.52.211,dot.gov,$107.57,$7716.56
393,Daniel,Carr,dcarraw@youku.com,Male,95.101.61.127,bbb.org,$138.04,$4807.08
394,Earl,Ellis,eellisax@xrea.com,Male,153.152.199.149,merriam-webster.com,$80.76,$892.45
395,Edward,Dunn,edunnay@dropbox.com,Male,111.109.25.63,last.fm,$120.34,$8192.23
396,Charles,Allen,callenaz@fotki.com,Male,216.86.164.126,unicef.org,$35.20,$1123.38
397,Thomas,Wheeler,twheelerb0@comcast.net,Male,236.184.214.55,bbb.org,$107.23,$8908.05
398,Johnny,Spencer,jspencerb1@utexas.edu,Male,145.46.211.199,independent.co.uk,$122.89,$1915.96
399,Jacqueline,Stewart,jstewartb2@tiny.cc,Female,189.39.154.221,google.it,$15.42,$1956.01
400,Annie,Anderson,aandersonb3@boston.com,Female,135.116.144.56,dion.ne.jp,$54.34,$338.39
401,Phyllis,Cook,pcookb4@squidoo.com,Female,197.200.139.221,abc.net.au,$82.30,$6017.04
402,Pamela,Bryant,pbryantb5@answers.com,Female,163.52.243.90,ft.com,$116.52,$5009.47
403,Arthur,Bishop,abishopb6@constantcontact.com,Male,30.216.176.182,europa.eu,$79.96,$7250.05
404,Jane,Morrison,jmorrisonb7@boston.com,Female,218.208.8.65,nhs.uk,$93.14,$5895.82
405,John,Palmer,jpalmerb8@macromedia.com,Male,223.130.13.193,plala.or.jp,$46.99,$5680.31
406,Laura,Mitchell,lmitchellb9@economist.com,Female,104.225.182.247,comcast.net,$59.77,$8946.46
407,Juan,Arnold,jarnoldba@businessinsider.com,Male,241.247.121.167,yellowbook.com,$20.72,$3990.78
408,Jacqueline,Hansen,jhansenbb@springer.com,Female,143.69.177.176,spiegel.de,$52.12,$4443.08
409,Amy,Larson,alarsonbc@cdc.gov,Female,250.226.122.229,cornell.edu,$103.06,$8704.27
410,Albert,Collins,acollinsbd@addthis.com,Male,122.168.90.42,reddit.com,$89.15,$7862.88
411,Doris,Fisher,dfisherbe@webs.com,Female,212.254.55.56,xinhuanet.com,$38.45,$2062.90
412,Eugene,Fernandez,efernandezbf@behance.net,Male,91.182.54.185,census.gov,$141.18,$6644.48
413,Aaron,Morris,amorrisbg@upenn.edu,Male,59.182.188.137,naver.com,$144.73,$3541.43
414,Lois,Armstrong,larmstrongbh@twitpic.com,Female,77.122.197.25,mozilla.org,$92.20,$7189.83
415,Paul,Day,pdaybi@about.com,Male,203.45.105.125,dmoz.org,$129.16,$7007.19
416,Terry,Rogers,trogersbj@techcrunch.com,Male,130.178.206.211,army.mil,$66.71,$9746.02
417,Benjamin,Dunn,bdunnbk@adobe.com,Male,174.55.199.22,globo.com,$61.72,$5257.21
418,Debra,Russell,drussellbl@lulu.com,Female,72.242.232.217,barnesandnoble.com,$35.26,$3611.42
419,Deborah,Hunt,dhuntbm@theglobeandmail.com,Female,133.248.221.116,ca.gov,$31.07,$7385.41
420,Kathryn,Ryan,kryanbn@prnewswire.com,Female,241.56.131.81,youtu.be,$47.45,$1949.58
421,Clarence,Freeman,cfreemanbo@tripadvisor.com,Male,40.46.93.13,ted.com,$92.12,$3357.77
422,Alice,Nguyen,anguyenbp@smugmug.com,Female,186.94.60.28,google.cn,$118.74,$8977.32
423,Victor,Gutierrez,vgutierrezbq@unblog.fr,Male,157.4.92.12,marriott.com,$114.75,$7508.35
424,Heather,Fisher,hfisherbr@posterous.com,Female,47.4.167.211,pbs.org,$138.80,$2669.68
425,Nicholas,Roberts,nrobertsbs@accuweather.com,Male,53.145.143.39,google.com.hk,$115.25,$4482.05
426,Billy,Holmes,bholmesbt@devhub.com,Male,251.116.49.27,loc.gov,$148.31,$7665.46
427,Henry,Cooper,hcooperbu@macromedia.com,Male,176.113.8.241,nytimes.com,$14.82,$1184.97
428,Jeffrey,Gardner,jgardnerbv@shinystat.com,Male,119.101.53.97,miibeian.gov.cn,$84.11,$1777.49
429,Julia,Frazier,jfrazierbw@cafepress.com,Female,134.15.214.196,washington.edu,$79.46,$3748.74
430,Angela,Montgomery,amontgomerybx@360.cn,Female,131.82.157.169,nydailynews.com,$127.61,$8873.48
431,Gregory,Gordon,ggordonby@smh.com.au,Male,76.14.183.240,globo.com,$88.49,$5096.54
432,Victor,Allen,vallenbz@shutterfly.com,Male,145.253.168.98,so-net.ne.jp,$21.85,$7105.47
433,Keith,Shaw,kshawc0@studiopress.com,Male,230.17.245.125,bbc.co.uk,$107.52,$9809.30
434,Tina,Reid,treidc1@state.gov,Female,224.161.70.1,pen.io,$18.26,$4780.36
435,Jessica,Reyes,jreyesc2@statcounter.com,Female,108.168.236.59,lycos.com,$55.43,$8672.97
436,Gregory,Simpson,gsimpsonc3@berkeley.edu,Male,253.74.13.78,eepurl.com,$16.87,$7656.85
437,Rose,Rodriguez,rrodriguezc4@ask.com,Female,189.144.81.128,cyberchimps.com,$122.26,$9434.91
438,Fred,Meyer,fmeyerc5@shinystat.com,Male,1.37.29.91,reverbnation.com,$124.65,$7519.24
439,Nancy,Harris,nharrisc6@prnewswire.com,Female,49.199.220.50,psu.edu,$40.25,$9883.41
440,Thomas,Dixon,tdixonc7@yellowbook.com,Male,186.196.86.78,businesswire.com,$36.48,$3673.96
441,Eugene,Cruz,ecruzc8@hexun.com,Male,227.127.137.123,indiatimes.com,$120.49,$6942.00
442,Clarence,Burke,cburkec9@joomla.org,Male,147.123.158.20,homestead.com,$146.22,$7471.37
443,Frank,Hayes,fhayesca@businessinsider.com,Male,59.86.190.24,i2i.jp,$102.43,$7035.73
444,Angela,Harrison,aharrisoncb@php.net,Female,35.247.238.1,forbes.com,$110.19,$6190.32
445,Larry,Murphy,lmurphycc@princeton.edu,Male,98.90.178.229,cisco.com,$84.88,$5718.94
446,Cynthia,Garcia,cgarciacd@blogtalkradio.com,Female,1.196.106.217,tamu.edu,$135.79,$2756.44
447,Larry,Young,lyoungce@omniture.com,Male,162.192.166.111,wikipedia.org,$142.31,$2493.14
448,Susan,Perry,sperrycf@spotify.com,Female,97.228.247.188,hatena.ne.jp,$36.14,$6217.91
449,Katherine,Mcdonald,kmcdonaldcg@businesswire.com,Female,199.170.159.233,adobe.com,$36.30,$943.42
450,Clarence,Wheeler,cwheelerch@google.com.br,Male,139.110.75.14,skype.com,$73.69,$5525.08
451,Harry,Cooper,hcooperci@sciencedirect.com,Male,99.241.201.224,guardian.co.uk,$113.96,$3071.12
452,Cynthia,Bennett,cbennettcj@eventbrite.com,Female,238.175.59.70,berkeley.edu,$94.74,$6654.56
453,Lisa,George,lgeorgeck@irs.gov,Female,153.107.70.154,stumbleupon.com,$53.43,$5717.85
454,Linda,Bishop,lbishopcl@aboutads.info,Female,233.84.208.224,usnews.com,$105.20,$4813.61
455,Jason,Lee,jleecm@printfriendly.com,Male,182.204.177.239,netvibes.com,$85.41,$2416.11
456,Stephen,Gonzales,sgonzalescn@hud.gov,Male,18.72.70.147,indiatimes.com,$60.52,$9726.72
457,Clarence,Arnold,carnoldco@wsj.com,Male,76.75.53.147,dropbox.com,$65.61,$8412.97
458,Andrea,Duncan,aduncancp@google.com,Female,23.67.248.192,accuweather.com,$106.69,$7401.91
459,Alice,Wood,awoodcq@scribd.com,Female,39.169.90.162,csmonitor.com,$15.33,$7713.64
460,Robert,Fowler,rfowlercr@github.com,Male,171.84.167.232,microsoft.com,$56.45,$2721.40
461,Anthony,Mendoza,amendozacs@ezinearticles.com,Male,48.88.202.80,arstechnica.com,$69.83,$881.00
462,Edward,Crawford,ecrawfordct@cornell.edu,Male,110.222.217.89,biglobe.ne.jp,$25.46,$6454.06
463,Ann,Howard,ahowardcu@php.net,Female,97.201.183.217,cnn.com,$107.88,$2678.18
464,Margaret,Peters,mpeterscv@squarespace.com,Female,126.80.151.140,fastcompany.com,$15.62,$9109.62
465,Kimberly,Hicks,khickscw@timesonline.co.uk,Female,114.112.10.211,microsoft.com,$107.72,$8291.49
466,Douglas,Snyder,dsnydercx@twitpic.com,Male,147.113.53.96,lycos.com,$107.87,$9520.45
467,Andrew,Perkins,aperkinscy@usnews.com,Male,90.33.32.146,twitpic.com,$65.51,$8404.45
468,Paul,Wheeler,pwheelercz@spiegel.de,Male,59.80.85.137,de.vu,$139.55,$4189.55
469,Annie,Carr,acarrd0@tmall.com,Female,28.19.22.199,delicious.com,$41.74,$349.75
470,Christopher,Knight,cknightd1@java.com,Male,26.237.78.214,diigo.com,$49.94,$701.33
471,Alan,Carroll,acarrolld2@technorati.com,Male,29.221.187.179,ft.com,$100.95,$7087.19
472,Ruth,Hansen,rhansend3@sun.com,Female,167.229.240.245,soup.io,$66.80,$1417.24
473,Angela,Stanley,astanleyd4@nyu.edu,Female,29.249.138.79,nba.com,$123.46,$5091.76
474,Andrew,Meyer,ameyerd5@vimeo.com,Male,51.189.151.115,newsvine.com,$87.63,$9122.15
475,Kathleen,Perkins,kperkinsd6@sohu.com,Female,188.229.4.93,arstechnica.com,$41.38,$3220.51
476,Ashley,Franklin,afranklind7@eventbrite.com,Female,10.113.98.86,com.com,$146.83,$8086.37
477,Jeffrey,Payne,jpayned8@mac.com,Male,21.229.102.131,washington.edu,$106.79,$8046.80
478,Phillip,Williams,pwilliamsd9@webmd.com,Male,135.62.213.90,cyberchimps.com,$148.17,$3631.33
479,Doris,Turner,dturnerda@elegantthemes.com,Female,159.22.67.31,marriott.com,$98.01,$1551.74
480,George,Holmes,gholmesdb@nyu.edu,Male,143.200.34.156,cafepress.com,$59.00,$1509.69
481,Thomas,Owens,towensdc@geocities.jp,Male,190.56.244.213,arizona.edu,$74.26,$3944.32
482,Timothy,Rodriguez,trodriguezdd@businessweek.com,Male,96.189.244.192,soup.io,$61.71,$7128.67
483,Shawn,Bishop,sbishopde@webs.com,Male,114.204.165.207,army.mil,$130.07,$3954.25
484,Keith,Holmes,kholmesdf@ebay.co.uk,Male,95.149.122.34,spiegel.de,$42.95,$6750.68
485,Nancy,Murray,nmurraydg@alexa.com,Female,218.48.219.122,dropbox.com,$65.35,$6975.40
486,Irene,George,igeorgedh@dailymotion.com,Female,222.171.238.60,typepad.com,$94.93,$4905.19
487,Jessica,Carter,jcarterdi@gov.uk,Female,7.132.144.56,paginegialle.it,$90.74,$4948.45
488,Joshua,Miller,jmillerdj@free.fr,Male,168.140.107.54,squidoo.com,$93.65,$733.44
489,Steven,Murray,smurraydk@php.net,Male,224.189.242.175,people.com.cn,$111.21,$1054.65
490,John,Olson,jolsondl@nature.com,Male,26.65.171.232,cbslocal.com,$101.63,$1202.78
491,Sean,Morrison,smorrisondm@un.org,Male,45.135.82.217,seattletimes.com,$62.16,$9911.85
492,Laura,Lane,llanedn@forbes.com,Female,64.93.176.241,sfgate.com,$31.58,$2022.62
493,Stephanie,Henderson,shendersondo@paypal.com,Female,112.6.116.115,webeden.co.uk,$42.35,$9009.72
494,Richard,Grant,rgrantdp@squarespace.com,Male,178.14.195.106,hostgator.com,$38.78,$6828.03
495,Catherine,Bryant,cbryantdq@cargocollective.com,Female,106.179.105.126,51.la,$73.92,$712.69
496,Rachel,Hall,rhalldr@wired.com,Female,185.168.11.168,amazon.co.jp,$69.60,$6349.93
497,Bobby,Thompson,bthompsonds@bbc.co.uk,Male,197.93.29.53,wisc.edu,$78.44,$2604.17
498,Tammy,Cruz,tcruzdt@kickstarter.com,Female,81.60.88.233,google.pl,$104.08,$3407.97
499,Patricia,Morris,pmorrisdu@npr.org,Female,215.43.82.179,discuz.net,$141.15,$891.27
500,Edward,Miller,emillerdv@nba.com,Male,9.212.234.35,jigsy.com,$18.80,$8272.29
501,Kevin,Miller,kmillerdw@4shared.com,Male,115.164.83.252,tripod.com,$98.83,$5924.81
502,Steve,Richardson,srichardsondx@blog.com,Male,91.203.65.31,diigo.com,$145.40,$164.71
503,Wanda,Day,wdaydy@google.ru,Female,24.174.92.2,theglobeandmail.com,$97.88,$6552.40
504,Cheryl,Mills,cmillsdz@youtube.com,Female,72.26.127.22,umich.edu,$20.87,$7286.87
505,William,Mitchell,wmitchelle0@naver.com,Male,116.236.28.77,weather.com,$59.33,$2710.96
506,Sharon,Sims,ssimse1@army.mil,Female,245.180.155.85,discuz.net,$72.46,$3121.31
507,Terry,Welch,twelche2@list-manage.com,Male,40.186.159.169,last.fm,$35.42,$4076.06
508,Donald,Hughes,dhughese3@wordpress.com,Male,223.31.11.211,bing.com,$120.07,$5045.79
509,Peter,Ward,pwarde4@free.fr,Male,187.191.5.183,ehow.com,$89.95,$481.75
510,Judith,Hughes,jhughese5@soup.io,Female,136.83.150.65,google.ca,$105.74,$4803.32
511,Chris,Grant,cgrante6@oaic.gov.au,Male,64.131.131.220,ucoz.ru,$44.07,$9541.62
512,Michael,Richards,mrichardse7@washington.edu,Male,165.25.18.185,go.com,$84.36,$8109.65
513,Ernest,Owens,eowense8@diigo.com,Male,169.222.238.142,t-online.de,$146.08,$1635.59
514,Karen,Hanson,khansone9@nba.com,Female,77.238.25.203,slideshare.net,$57.83,$2551.71
515,Anne,Ruiz,aruizea@histats.com,Female,200.48.168.72,scientificamerican.com,$28.30,$2249.29
516,Ernest,Weaver,eweavereb@psu.edu,Male,140.224.59.196,yolasite.com,$139.46,$7281.59
517,Kathryn,Crawford,kcrawfordec@hp.com,Female,173.244.107.172,dailymotion.com,$92.67,$7516.92
518,Jerry,Jackson,jjacksoned@icio.us,Male,188.32.104.159,reuters.com,$70.22,$3413.42
519,Jessica,Adams,jadamsee@instagram.com,Female,40.237.84.249,webmd.com,$54.62,$5304.00
520,Norma,Campbell,ncampbellef@unblog.fr,Female,155.129.94.144,adobe.com,$33.65,$3409.90
521,Jimmy,Dunn,jdunneg@oakley.com,Male,16.119.207.114,jiathis.com,$106.54,$7062.43
522,Kevin,Willis,kwilliseh@jimdo.com,Male,222.239.111.39,google.co.jp,$66.98,$9213.29
523,Andrew,Kelley,akelleyei@guardian.co.uk,Male,86.66.41.202,trellian.com,$87.80,$7173.79
524,Nicholas,Clark,nclarkej@opera.com,Male,237.152.49.40,jugem.jp,$86.25,$7296.50
525,Ralph,Green,rgreenek@google.co.uk,Male,72.232.126.43,apple.com,$74.23,$9900.54
526,Christine,Rogers,crogersel@altervista.org,Female,87.190.85.202,fda.gov,$115.18,$9000.05
527,Raymond,Bennett,rbennettem@squarespace.com,Male,154.189.49.120,sciencedirect.com,$52.05,$867.33
528,Bobby,Mendoza,bmendozaen@businessweek.com,Male,81.40.67.213,lulu.com,$76.97,$3115.60
529,George,Williams,gwilliamseo@ca.gov,Male,50.15.98.216,mysql.com,$29.25,$3180.44
530,Brenda,Reid,breidep@barnesandnoble.com,Female,14.132.234.178,wikia.com,$50.16,$7292.78
531,Deborah,Rice,driceeq@narod.ru,Female,191.108.173.182,state.gov,$82.85,$8268.14
532,Anne,Hart,aharter@cmu.edu,Female,8.83.68.218,nhs.uk,$57.11,$7983.21
533,Amanda,Wood,awoodes@friendfeed.com,Female,125.198.125.37,chronoengine.com,$93.12,$9687.08
534,Rachel,Burke,rburkeet@smugmug.com,Female,31.225.26.73,google.de,$92.54,$6458.23
535,Frank,Hernandez,fhernandezeu@wiley.com,Male,76.139.252.127,constantcontact.com,$44.71,$6067.86
536,Frances,Rivera,friveraev@bloglovin.com,Female,103.255.161.194,icq.com,$95.55,$8986.57
537,Edward,Hill,ehillew@plala.or.jp,Male,168.254.58.167,ifeng.com,$22.63,$4291.77
538,Shawn,Jackson,sjacksonex@ehow.com,Male,234.254.14.244,samsung.com,$86.31,$9707.50
539,Eric,Hughes,ehughesey@nbcnews.com,Male,90.45.207.239,ycombinator.com,$120.33,$5712.80
540,Peter,Hayes,phayesez@disqus.com,Male,176.165.214.176,oakley.com,$48.18,$2703.95
541,Harold,Bryant,hbryantf0@desdev.cn,Male,169.216.41.249,printfriendly.com,$32.91,$3785.97
542,Phillip,Kennedy,pkennedyf1@state.tx.us,Male,117.34.110.236,yellowbook.com,$139.15,$679.82
543,Sandra,Frazier,sfrazierf2@qq.com,Female,61.175.147.126,istockphoto.com,$81.39,$7557.19
544,Willie,Garrett,wgarrettf3@squidoo.com,Male,205.46.55.58,feedburner.com,$50.79,$9537.15
545,Peter,Perry,pperryf4@feedburner.com,Male,69.20.26.60,ted.com,$66.96,$6100.83
546,Annie,Mccoy,amccoyf5@state.tx.us,Female,69.212.229.86,youku.com,$113.12,$6888.84
547,Peter,Kim,pkimf6@techcrunch.com,Male,101.105.152.138,umich.edu,$10.71,$3894.55
548,Benjamin,Cruz,bcruzf7@springer.com,Male,18.203.135.195,mashable.com,$144.72,$4037.09
549,Robert,Murray,rmurrayf8@tripod.com,Male,89.69.34.25,dion.ne.jp,$15.04,$8189.59
550,Ann,Hicks,ahicksf9@techcrunch.com,Female,92.24.62.46,mayoclinic.com,$22.04,$1846.65
551,Kathleen,Mason,kmasonfa@mediafire.com,Female,148.198.170.64,fotki.com,$44.01,$4705.69
552,Mildred,Welch,mwelchfb@tinypic.com,Female,161.205.27.23,youku.com,$138.26,$1465.92
553,Nicholas,Harper,nharperfc@trellian.com,Male,132.243.88.79,github.io,$77.91,$1727.20
554,Sharon,Wells,swellsfd@buzzfeed.com,Female,158.49.53.53,uiuc.edu,$39.00,$5131.79
555,Christina,Lopez,clopezfe@last.fm,Female,180.181.93.75,hibu.com,$97.25,$3007.65
556,Wayne,Fox,wfoxff@google.cn,Male,30.138.210.33,weather.com,$109.50,$6272.94
557,Julia,Stewart,jstewartfg@cnet.com,Female,89.97.64.214,liveinternet.ru,$65.37,$9929.25
558,Lisa,Gibson,lgibsonfh@scientificamerican.com,Female,141.40.68.237,boston.com,$131.36,$3185.07
559,Susan,Knight,sknightfi@yale.edu,Female,99.205.207.196,printfriendly.com,$71.91,$7570.22
560,Louise,Carter,lcarterfj@gnu.org,Female,132.71.217.242,cam.ac.uk,$109.98,$8894.82
561,Michael,Turner,mturnerfk@tmall.com,Male,153.29.73.172,symantec.com,$118.17,$4322.49
562,Kenneth,Ruiz,kruizfl@jimdo.com,Male,15.200.216.112,ted.com,$149.43,$9798.98
563,Carl,Watson,cwatsonfm@prweb.com,Male,213.78.202.83,ow.ly,$120.39,$832.84
564,Joe,Patterson,jpattersonfn@ucoz.com,Male,68.131.127.99,ameblo.jp,$124.91,$2006.80
565,Helen,Weaver,hweaverfo@t.co,Female,16.29.172.210,liveinternet.ru,$124.22,$9519.42
566,Marie,Butler,mbutlerfp@thetimes.co.uk,Female,203.187.43.22,google.nl,$26.51,$6574.40
567,Roy,Cruz,rcruzfq@360.cn,Male,82.153.2.207,berkeley.edu,$125.28,$4225.21
568,Nicholas,Spencer,nspencerfr@discovery.com,Male,33.212.170.92,hostgator.com,$71.24,$2316.05
569,Wanda,Sanders,wsandersfs@bluehost.com,Female,131.236.80.116,cornell.edu,$149.01,$3933.06
570,Elizabeth,Kennedy,ekennedyft@techcrunch.com,Female,250.103.228.102,biglobe.ne.jp,$44.19,$2711.48
571,Patricia,Owens,powensfu@t.co,Female,88.126.99.28,berkeley.edu,$13.00,$577.52
572,Michelle,Austin,maustinfv@csmonitor.com,Female,41.28.7.76,blogs.com,$135.12,$7219.53
573,Andrew,Burton,aburtonfw@intel.com,Male,169.237.67.26,ow.ly,$81.13,$604.42
574,Joshua,Fernandez,jfernandezfx@seesaa.net,Male,109.134.7.183,cdbaby.com,$39.68,$9736.44
575,Wanda,Jones,wjonesfy@bluehost.com,Female,112.33.20.172,wix.com,$46.82,$2614.08
576,Christina,Alexander,calexanderfz@slashdot.org,Female,213.245.37.165,nhs.uk,$107.36,$6454.66
577,Lori,Ruiz,lruizg0@google.cn,Female,182.129.177.82,dagondesign.com,$69.73,$6615.46
578,Martin,Gomez,mgomezg1@sbwire.com,Male,69.249.186.117,apple.com,$95.07,$1254.91
579,Wayne,Gibson,wgibsong2@latimes.com,Male,121.217.228.245,auda.org.au,$51.58,$2608.20
580,Ruby,Patterson,rpattersong3@shinystat.com,Female,243.116.12.130,chicagotribune.com,$145.77,$6268.72
581,Amanda,Lawson,alawsong4@dot.gov,Female,88.187.213.51,google.com,$128.86,$6343.03
582,Victor,Robertson,vrobertsong5@hibu.com,Male,139.221.63.74,shareasale.com,$39.89,$861.64
583,Walter,Bradley,wbradleyg6@amazonaws.com,Male,142.29.104.160,yale.edu,$28.28,$5518.45
584,Theresa,Wagner,twagnerg7@google.nl,Female,44.245.226.155,nps.gov,$36.89,$5653.82
585,Ruby,Sims,rsimsg8@last.fm,Female,185.90.184.36,mayoclinic.com,$46.35,$1061.72
586,Harry,Walker,hwalkerg9@upenn.edu,Male,129.13.157.170,salon.com,$97.50,$1238.83
587,Bruce,Berry,bberryga@epa.gov,Male,7.208.208.83,earthlink.net,$48.21,$6798.83
588,Kathleen,Howard,khowardgb@ebay.co.uk,Female,20.11.226.33,ehow.com,$86.10,$7339.00
589,Alice,Burke,aburkegc@hubpages.com,Female,46.186.25.185,blogspot.com,$14.82,$5765.77
590,Steven,Jacobs,sjacobsgd@vk.com,Male,2.117.75.117,merriam-webster.com,$36.32,$1366.05
591,Lois,Elliott,lelliottge@networksolutions.com,Female,254.168.127.115,hp.com,$89.48,$1666.69
592,Phillip,Myers,pmyersgf@un.org,Male,251.105.114.93,hibu.com,$48.16,$1214.32
593,Terry,Harper,tharpergg@addthis.com,Male,223.49.112.226,reference.com,$43.42,$2191.99
594,Marie,Garza,mgarzagh@narod.ru,Female,149.6.158.62,eepurl.com,$93.16,$697.50
595,Jack,Owens,jowensgi@joomla.org,Male,114.50.82.127,networkadvertising.org,$100.69,$5343.32
596,Angela,Diaz,adiazgj@sun.com,Female,176.13.198.26,facebook.com,$29.80,$5138.44
597,Peter,Little,plittlegk@state.tx.us,Male,47.206.224.48,ning.com,$125.52,$9676.56
598,Kelly,Wright,kwrightgl@dell.com,Female,53.203.241.244,sciencedirect.com,$11.05,$5500.32
599,Melissa,Clark,mclarkgm@dailymotion.com,Female,168.229.191.237,bloglovin.com,$89.17,$5763.84
600,Brenda,Watson,bwatsongn@wikipedia.org,Female,182.61.142.238,baidu.com,$149.67,$366.11
601,Teresa,Scott,tscottgo@friendfeed.com,Female,190.82.251.194,epa.gov,$28.48,$5998.92
602,Margaret,Gonzalez,mgonzalezgp@harvard.edu,Female,5.80.252.72,feedburner.com,$17.30,$9187.62
603,Diana,Moreno,dmorenogq@mtv.com,Female,217.227.72.154,123-reg.co.uk,$28.48,$383.31
604,Amanda,Rice,aricegr@addthis.com,Female,56.130.12.80,dailymail.co.uk,$19.42,$1132.53
605,Victor,Nguyen,vnguyengs@who.int,Male,196.122.74.254,ft.com,$40.85,$3801.24
606,Marie,Rodriguez,mrodriguezgt@phpbb.com,Female,39.105.110.202,qq.com,$145.06,$2300.65
607,Dorothy,Jordan,djordangu@issuu.com,Female,218.136.25.107,cnn.com,$94.77,$8796.17
608,Betty,Fisher,bfishergv@examiner.com,Female,238.168.129.24,cnbc.com,$87.71,$6508.97
609,Willie,Hanson,whansongw@cbsnews.com,Male,232.132.207.171,ehow.com,$107.06,$9428.27
610,Dennis,Scott,dscottgx@independent.co.uk,Male,92.222.112.92,stumbleupon.com,$56.15,$8500.73
611,Joshua,Torres,jtorresgy@theatlantic.com,Male,223.107.37.69,w3.org,$33.47,$1873.36
612,Dennis,Harper,dharpergz@icio.us,Male,213.90.0.78,va.gov,$12.45,$8470.28
613,Donald,Gonzales,dgonzalesh0@psu.edu,Male,51.16.218.183,ftc.gov,$103.75,$8530.42
614,Eric,Ortiz,eortizh1@mac.com,Male,219.55.64.136,arstechnica.com,$32.28,$590.75
615,Jason,Flores,jfloresh2@google.ru,Male,139.71.164.183,bravesites.com,$115.78,$4584.85
616,James,Lynch,jlynchh3@nba.com,Male,242.218.137.119,java.com,$13.23,$9712.21
617,Nicole,Fuller,nfullerh4@sitemeter.com,Female,130.243.157.226,netvibes.com,$146.53,$2969.02
618,Walter,Black,wblackh5@gov.uk,Male,163.52.174.182,pbs.org,$140.57,$8206.72
619,Terry,Hansen,thansenh6@unicef.org,Male,220.40.130.219,e-recht24.de,$78.85,$2922.61
620,Norma,Edwards,nedwardsh7@loc.gov,Female,128.82.79.99,posterous.com,$112.31,$7555.25
621,Annie,Fisher,afisherh8@wikimedia.org,Female,247.138.117.102,sourceforge.net,$14.88,$4421.86
622,Willie,Franklin,wfranklinh9@icio.us,Male,188.106.185.4,etsy.com,$89.69,$5645.08
623,Edward,Woods,ewoodsha@vistaprint.com,Male,79.208.35.87,zdnet.com,$30.74,$5490.82
624,Harry,Ford,hfordhb@t.co,Male,206.83.153.205,globo.com,$61.39,$7165.45
625,Kathleen,Carr,kcarrhc@china.com.cn,Female,37.133.245.58,vkontakte.ru,$11.59,$1855.85
626,Gary,Riley,grileyhd@army.mil,Male,152.200.204.79,state.gov,$74.18,$3571.28
627,Larry,Webb,lwebbhe@blogtalkradio.com,Male,15.240.7.247,bbc.co.uk,$39.84,$5646.22
628,Annie,Lynch,alynchhf@smugmug.com,Female,206.91.111.57,prnewswire.com,$92.26,$644.25
629,Roger,Martinez,rmartinezhg@imageshack.us,Male,242.183.47.217,un.org,$77.93,$1153.08
630,Melissa,Perkins,mperkinshh@google.fr,Female,128.35.231.168,desdev.cn,$22.43,$1504.19
631,Arthur,Barnes,abarneshi@fastcompany.com,Male,8.126.6.188,zimbio.com,$19.98,$4826.69
632,Russell,Owens,rowenshj@lulu.com,Male,137.200.177.186,php.net,$40.28,$5928.25
633,Phyllis,Foster,pfosterhk@dailymail.co.uk,Female,96.103.16.195,csmonitor.com,$122.45,$2346.78
634,Irene,Hayes,ihayeshl@cloudflare.com,Female,116.82.251.240,admin.ch,$71.92,$9203.88
635,Joan,Arnold,jarnoldhm@abc.net.au,Female,104.108.246.88,cnbc.com,$115.22,$9220.37
636,Diana,Perry,dperryhn@bloomberg.com,Female,56.226.136.150,yelp.com,$89.42,$8584.83
637,Fred,Snyder,fsnyderho@blogs.com,Male,128.238.217.233,cdc.gov,$111.70,$7605.91
638,Jacqueline,White,jwhitehp@qq.com,Female,45.107.25.43,networksolutions.com,$122.44,$6176.81
639,Shirley,Lawrence,slawrencehq@addthis.com,Female,181.25.254.80,loc.gov,$133.46,$2344.63
640,Paul,Morales,pmoraleshr@google.de,Male,56.208.120.198,time.com,$64.16,$9306.24
641,Todd,Gardner,tgardnerhs@cnbc.com,Male,214.25.79.218,ibm.com,$48.99,$7599.61
642,Matthew,Sims,msimsht@google.nl,Male,112.10.93.42,livejournal.com,$42.28,$6018.96
643,Laura,Bryant,lbryanthu@liveinternet.ru,Female,217.151.227.64,arizona.edu,$113.56,$1816.88
644,Matthew,Little,mlittlehv@vkontakte.ru,Male,156.132.51.126,paginegialle.it,$19.12,$4599.85
645,Margaret,Young,myounghw@engadget.com,Female,37.120.38.7,addthis.com,$147.18,$6846.00
646,Lawrence,Garcia,lgarciahx@eventbrite.com,Male,193.51.225.210,who.int,$93.55,$3993.37
647,Kevin,Moore,kmoorehy@microsoft.com,Male,52.99.114.242,tuttocitta.it,$133.26,$3535.50
648,Linda,Hart,lharthz@gov.uk,Female,3.61.141.155,noaa.gov,$13.10,$8396.27
649,Eugene,Fisher,efisheri0@edublogs.org,Male,40.195.95.26,barnesandnoble.com,$28.72,$9236.26
650,Edward,Flores,efloresi1@sbwire.com,Male,14.236.117.199,sbwire.com,$97.66,$6917.71
651,Victor,Williamson,vwilliamsoni2@buzzfeed.com,Male,115.169.197.37,jimdo.com,$130.20,$5611.18
652,Catherine,Arnold,carnoldi3@shareasale.com,Female,148.20.89.142,china.com.cn,$48.75,$8585.86
653,Arthur,Gordon,agordoni4@creativecommons.org,Male,5.23.86.187,google.ca,$64.36,$7554.95
654,Tina,Ford,tfordi5@google.cn,Female,184.60.114.47,etsy.com,$94.21,$4657.09
655,Anna,Fields,afieldsi6@tiny.cc,Female,34.103.18.246,craigslist.org,$44.66,$3275.38
656,Timothy,Gomez,tgomezi7@sbwire.com,Male,131.55.46.220,cdbaby.com,$119.02,$2424.26
657,Lois,Flores,lfloresi8@php.net,Female,53.174.31.42,techcrunch.com,$135.17,$7926.22
658,Harold,Fowler,hfowleri9@unicef.org,Male,217.190.215.0,com.com,$64.54,$527.33
659,Bruce,Stephens,bstephensia@army.mil,Male,90.47.39.155,cafepress.com,$34.12,$2517.32
660,Douglas,Warren,dwarrenib@marketwatch.com,Male,81.124.146.145,amazonaws.com,$140.64,$6519.11
661,Philip,Gray,pgrayic@ezinearticles.com,Male,0.123.104.234,ycombinator.com,$118.19,$9012.85
662,Doris,Moore,dmooreid@alexa.com,Female,198.3.15.175,netvibes.com,$130.70,$9546.51
663,Emily,Gray,egrayie@artisteer.com,Female,93.164.48.152,addthis.com,$18.82,$9976.49
664,Jean,Armstrong,jarmstrongif@multiply.com,Female,236.140.248.170,baidu.com,$25.18,$3800.13
665,Dennis,Larson,dlarsonig@wunderground.com,Male,182.144.228.45,wisc.edu,$40.86,$6770.67
666,Brenda,Simpson,bsimpsonih@who.int,Female,237.238.17.38,woothemes.com,$16.57,$7759.68
667,Brian,Shaw,bshawii@cornell.edu,Male,85.69.210.170,blogs.com,$136.20,$7032.54
668,Anne,Jones,ajonesij@cornell.edu,Female,177.23.170.233,tinypic.com,$92.22,$2384.93
669,Todd,Miller,tmillerik@weibo.com,Male,171.156.129.31,dmoz.org,$95.53,$9882.24
670,Debra,Alvarez,dalvarezil@tinypic.com,Female,40.83.177.249,utexas.edu,$107.16,$3592.06
671,Diana,Mason,dmasonim@macromedia.com,Female,227.254.225.217,mozilla.com,$105.91,$4092.21
672,Frances,Ferguson,ffergusonin@marriott.com,Female,255.216.76.134,google.pl,$58.52,$2869.71
673,Jeremy,Fernandez,jfernandezio@jimdo.com,Male,225.223.126.94,prlog.org,$134.76,$7965.41
674,Bobby,Richards,brichardsip@dmoz.org,Male,139.184.238.41,baidu.com,$115.26,$6366.25
675,Jimmy,Sanchez,jsancheziq@ucoz.ru,Male,36.86.251.193,bloomberg.com,$120.49,$641.48
676,Jane,Lawson,jlawsonir@dmoz.org,Female,237.123.86.88,adobe.com,$108.09,$8672.96
677,Joan,Andrews,jandrewsis@sitemeter.com,Female,18.49.234.46,comsenz.com,$104.60,$1569.84
678,Margaret,Scott,mscottit@pbs.org,Female,218.27.1.54,jugem.jp,$110.93,$767.40
679,Earl,Rodriguez,erodrigueziu@wufoo.com,Male,135.54.191.243,typepad.com,$10.82,$6181.82
680,George,Larson,glarsoniv@bing.com,Male,225.228.116.60,virginia.edu,$32.96,$723.78
681,Angela,Ramos,aramosiw@liveinternet.ru,Female,150.97.167.204,aboutads.info,$77.39,$3620.09
682,Adam,Fields,afieldsix@studiopress.com,Male,99.52.116.3,dion.ne.jp,$148.19,$8840.85
683,Jimmy,Campbell,jcampbelliy@ca.gov,Male,37.197.77.153,noaa.gov,$119.69,$9305.38
684,Russell,Castillo,rcastilloiz@scientificamerican.com,Male,216.82.46.41,reference.com,$89.46,$661.92
685,Justin,James,jjamesj0@sbwire.com,Male,129.149.31.210,wp.com,$104.74,$6151.57
686,John,Fuller,jfullerj1@aboutads.info,Male,251.146.146.20,fda.gov,$28.10,$6088.84
687,Karen,Nichols,knicholsj2@cloudflare.com,Female,248.93.235.64,bloomberg.com,$11.01,$9130.68
688,Ronald,Patterson,rpattersonj3@fda.gov,Male,166.23.197.71,csmonitor.com,$105.16,$7575.50
689,Melissa,Nguyen,mnguyenj4@house.gov,Female,191.158.206.44,blog.com,$11.64,$6439.58
690,Angela,Baker,abakerj5@thetimes.co.uk,Female,128.168.10.7,umich.edu,$18.95,$5326.33
691,Sharon,Long,slongj6@networksolutions.com,Female,249.116.108.81,timesonline.co.uk,$35.22,$9283.27
692,Lillian,Reed,lreedj7@sitemeter.com,Female,124.2.54.240,cnn.com,$84.44,$4532.04
693,Carlos,Mason,cmasonj8@vk.com,Male,67.87.231.189,ezinearticles.com,$15.50,$6743.31
694,Dennis,Gonzalez,dgonzalezj9@buzzfeed.com,Male,55.179.190.67,aol.com,$58.89,$2454.64
695,Terry,Dean,tdeanja@yellowbook.com,Male,159.56.31.50,chronoengine.com,$145.21,$4067.38
696,Ann,Gibson,agibsonjb@homestead.com,Female,78.244.101.217,auda.org.au,$91.46,$7775.18
697,Kathleen,Walker,kwalkerjc@harvard.edu,Female,123.41.146.227,ucoz.ru,$125.88,$7314.42
698,Jack,Hart,jhartjd@deviantart.com,Male,42.70.198.44,google.cn,$61.37,$946.26
699,Clarence,Fields,cfieldsje@blog.com,Male,179.3.34.90,sciencedirect.com,$29.58,$9628.43
700,Katherine,Dean,kdeanjf@webmd.com,Female,30.255.27.101,redcross.org,$129.42,$338.98
701,Deborah,Pierce,dpiercejg@salon.com,Female,56.126.99.83,alexa.com,$135.12,$3788.33
702,Raymond,Baker,rbakerjh@sbwire.com,Male,108.174.63.40,mayoclinic.com,$37.36,$6910.10
703,Joseph,Schmidt,jschmidtji@dyndns.org,Male,181.197.127.25,answers.com,$77.88,$3536.31
704,Angela,Price,apricejj@google.co.jp,Female,250.241.187.211,java.com,$49.65,$3994.60
705,Joe,Thompson,jthompsonjk@simplemachines.org,Male,157.179.224.120,netscape.com,$98.04,$4153.41
706,Phyllis,Cook,pcookjl@gizmodo.com,Female,106.91.207.40,digg.com,$81.92,$3238.55
707,Terry,Riley,trileyjm@sakura.ne.jp,Male,155.54.79.70,state.tx.us,$98.34,$4078.48
708,Douglas,Barnes,dbarnesjn@nydailynews.com,Male,158.72.150.179,nih.gov,$142.81,$2537.24
709,Irene,Daniels,idanielsjo@list-manage.com,Female,52.39.22.187,shop-pro.jp,$73.87,$1668.00
710,Sean,Wallace,swallacejp@icio.us,Male,137.193.209.155,taobao.com,$143.27,$2500.89
711,Christina,Long,clongjq@hao123.com,Female,114.215.127.255,cocolog-nifty.com,$60.19,$3746.57
712,James,Sims,jsimsjr@oakley.com,Male,158.81.69.25,t-online.de,$128.94,$5462.11
713,Randy,Alvarez,ralvarezjs@dedecms.com,Male,226.80.0.226,globo.com,$20.09,$7401.66
714,Johnny,Mills,jmillsjt@oakley.com,Male,34.184.173.80,nifty.com,$131.68,$1297.78
715,Eric,Andrews,eandrewsju@tuttocitta.it,Male,6.225.182.147,twitter.com,$148.49,$1105.60
716,Carolyn,Sanders,csandersjv@tripod.com,Female,140.248.84.178,is.gd,$89.28,$3321.19
717,Phyllis,Hunter,phunterjw@nasa.gov,Female,52.252.245.205,cam.ac.uk,$97.00,$1726.42
718,Ruth,Ellis,rellisjx@chicagotribune.com,Female,144.16.129.56,cdbaby.com,$21.56,$5475.90
719,William,Mendoza,wmendozajy@dailymail.co.uk,Male,190.182.181.71,photobucket.com,$54.88,$2633.45
720,Thomas,Jacobs,tjacobsjz@imgur.com,Male,191.218.140.112,blogger.com,$133.49,$5722.96
721,Jonathan,Webb,jwebbk0@eventbrite.com,Male,98.201.37.15,google.pl,$114.11,$1635.49
722,Billy,Nelson,bnelsonk1@fda.gov,Male,58.135.65.241,cnn.com,$21.10,$1589.46
723,Kevin,Hall,khallk2@wufoo.com,Male,236.115.98.45,odnoklassniki.ru,$98.17,$2258.89
724,Ann,Evans,aevansk3@ed.gov,Female,235.150.209.212,free.fr,$122.02,$1415.21
725,Carol,Ellis,cellisk4@noaa.gov,Female,209.76.70.140,cbc.ca,$120.68,$3765.65
726,Richard,Rose,rrosek5@addtoany.com,Male,6.130.176.234,etsy.com,$90.97,$910.04
727,Matthew,Garcia,mgarciak6@sakura.ne.jp,Male,145.80.62.56,oakley.com,$15.28,$1857.65
728,Alice,Torres,atorresk7@list-manage.com,Female,14.226.89.43,shutterfly.com,$130.31,$7454.82
729,Amy,Greene,agreenek8@xing.com,Female,203.177.186.68,discuz.net,$33.74,$7806.54
730,Albert,Richardson,arichardsonk9@dedecms.com,Male,35.79.43.234,merriam-webster.com,$73.06,$7322.60
731,Donald,Burke,dburkeka@gnu.org,Male,139.213.68.88,un.org,$118.81,$671.34
732,Kathy,Mcdonald,kmcdonaldkb@bluehost.com,Female,73.223.154.37,craigslist.org,$37.51,$6825.97
733,Johnny,Porter,jporterkc@samsung.com,Male,161.75.75.237,nps.gov,$143.16,$4978.38
734,Lisa,Wells,lwellskd@mac.com,Female,246.178.11.193,behance.net,$75.08,$1199.17
735,Sean,Perez,sperezke@behance.net,Male,230.36.1.97,newyorker.com,$85.37,$3992.66
736,Barbara,Welch,bwelchkf@stumbleupon.com,Female,133.250.55.114,house.gov,$30.01,$7103.23
737,Diana,Jacobs,djacobskg@vistaprint.com,Female,185.165.182.233,mysql.com,$42.27,$1203.40
738,Andrew,Hayes,ahayeskh@noaa.gov,Male,118.107.95.248,craigslist.org,$39.11,$8330.01
739,Janet,Robertson,jrobertsonki@photobucket.com,Female,216.175.179.206,redcross.org,$10.05,$2251.57
740,Eric,Perkins,eperkinskj@google.cn,Male,83.86.39.93,unesco.org,$120.03,$344.83
741,Paula,Williams,pwilliamskk@tinypic.com,Female,13.134.189.166,elpais.com,$56.83,$9905.70
742,Norma,Martinez,nmartinezkl@cpanel.net,Female,82.75.38.209,bravesites.com,$69.21,$3525.24
743,Arthur,Boyd,aboydkm@yale.edu,Male,223.2.181.64,pen.io,$83.88,$6890.68
744,Ronald,Webb,rwebbkn@bandcamp.com,Male,243.15.52.107,samsung.com,$112.29,$5787.96
745,Katherine,Spencer,kspencerko@thetimes.co.uk,Female,87.77.149.215,oracle.com,$107.79,$9220.10
746,Bruce,Johnston,bjohnstonkp@usa.gov,Male,146.135.157.54,about.com,$111.88,$2227.69
747,Lillian,Gardner,lgardnerkq@skype.com,Female,180.105.186.105,dailymotion.com,$113.82,$1264.86
748,Richard,White,rwhitekr@cocolog-nifty.com,Male,122.183.194.236,barnesandnoble.com,$52.56,$6103.51
749,Keith,Thompson,kthompsonks@dell.com,Male,116.119.128.224,statcounter.com,$104.10,$9570.40
750,Pamela,Mills,pmillskt@hibu.com,Female,20.247.141.187,indiatimes.com,$91.56,$4120.25
751,Doris,Jacobs,djacobsku@people.com.cn,Female,105.158.91.62,example.com,$76.89,$3914.56
752,Bruce,Franklin,bfranklinkv@last.fm,Male,236.145.246.214,dyndns.org,$80.68,$949.18
753,Rachel,Shaw,rshawkw@imdb.com,Female,118.34.222.127,sohu.com,$15.90,$1715.13
754,Ann,Murphy,amurphykx@cdbaby.com,Female,27.90.134.122,newyorker.com,$104.37,$8855.47
755,Theresa,Payne,tpayneky@digg.com,Female,16.223.32.2,sphinn.com,$78.33,$8783.62
756,Martha,Cooper,mcooperkz@amazon.co.jp,Female,92.156.104.173,tuttocitta.it,$21.54,$1310.08
757,Rebecca,Woods,rwoodsl0@skyrock.com,Female,83.198.69.253,cpanel.net,$80.67,$2005.76
758,Walter,Thompson,wthompsonl1@yelp.com,Male,123.225.202.1,flickr.com,$114.46,$5941.73
759,Donald,Ramos,dramosl2@wikipedia.org,Male,216.229.34.78,usgs.gov,$44.45,$6990.10
760,Paul,Lee,pleel3@xrea.com,Male,228.215.101.30,livejournal.com,$137.50,$6849.39
761,Pamela,Baker,pbakerl4@discovery.com,Female,198.240.137.147,ucsd.edu,$53.25,$2075.41
762,Teresa,Gilbert,tgilbertl5@fc2.com,Female,47.245.25.48,opensource.org,$102.72,$6872.01
763,Melissa,Marshall,mmarshalll6@4shared.com,Female,232.255.168.252,google.it,$108.16,$8666.44
764,Martin,Ortiz,mortizl7@amazon.de,Male,141.209.138.183,ow.ly,$122.82,$1945.49
765,Helen,Garza,hgarzal8@twitpic.com,Female,100.239.77.209,narod.ru,$126.05,$5486.73
766,Mildred,Lane,mlanel9@ftc.gov,Female,186.62.166.194,imgur.com,$21.99,$2468.97
767,Judith,Andrews,jandrewsla@washington.edu,Female,114.200.248.185,tumblr.com,$65.10,$2352.41
768,Michael,Ortiz,mortizlb@state.tx.us,Male,65.111.218.238,yahoo.co.jp,$69.96,$8877.52
769,Anthony,Patterson,apattersonlc@guardian.co.uk,Male,236.210.208.237,virginia.edu,$139.55,$5360.21
770,Phillip,Andrews,pandrewsld@oracle.com,Male,242.128.78.190,google.it,$23.90,$2149.72
771,Kevin,Riley,krileyle@is.gd,Male,16.54.194.222,last.fm,$59.05,$7756.68
772,Jerry,Wright,jwrightlf@narod.ru,Male,156.51.64.141,hatena.ne.jp,$107.22,$8593.77
773,Carl,Scott,cscottlg@theatlantic.com,Male,67.37.188.133,usnews.com,$73.02,$8136.48
774,Jeremy,Fisher,jfisherlh@seesaa.net,Male,13.197.46.140,xinhuanet.com,$46.78,$2809.40
775,Wayne,Ramirez,wramirezli@uiuc.edu,Male,156.28.211.26,bloglines.com,$49.99,$2051.00
776,Carl,Mills,cmillslj@mtv.com,Male,61.150.169.168,parallels.com,$79.78,$5105.96
777,Tina,Welch,twelchlk@washington.edu,Female,135.218.82.81,google.pl,$100.58,$3429.88
778,Jason,Reed,jreedll@nps.gov,Male,151.35.238.249,yahoo.com,$83.04,$7737.28
779,Willie,Mcdonald,wmcdonaldlm@ebay.com,Male,88.202.70.165,nbcnews.com,$96.80,$6024.63
780,Jason,Moreno,jmorenoln@mac.com,Male,24.80.182.226,shop-pro.jp,$96.15,$5681.97
781,Jennifer,Johnston,jjohnstonlo@dropbox.com,Female,197.162.77.88,pen.io,$70.42,$6861.89
782,Harry,Myers,hmyerslp@amazon.co.jp,Male,75.81.198.117,amazonaws.com,$119.87,$4828.83
783,Maria,Matthews,mmatthewslq@springer.com,Female,59.105.17.22,jigsy.com,$78.77,$6764.38
784,Craig,Hayes,chayeslr@google.co.uk,Male,91.3.248.217,noaa.gov,$129.63,$9435.47
785,Stephanie,Price,spricels@microsoft.com,Female,118.198.57.125,nba.com,$127.83,$3004.03
786,Janet,Ross,jrosslt@pcworld.com,Female,8.95.205.94,canalblog.com,$86.96,$8650.67
787,Phyllis,Banks,pbankslu@flickr.com,Female,227.144.97.155,dailymotion.com,$62.46,$2761.86
788,Janice,Edwards,jedwardslv@naver.com,Female,137.113.52.91,storify.com,$92.63,$5382.43
789,Janice,Hughes,jhugheslw@ibm.com,Female,161.201.1.171,jimdo.com,$131.47,$1887.00
790,Emily,Larson,elarsonlx@imgur.com,Female,183.254.106.109,umich.edu,$73.40,$5757.99
791,Judy,Price,jpricely@latimes.com,Female,176.11.185.221,github.io,$114.95,$1289.20
792,Teresa,Nelson,tnelsonlz@jalbum.net,Female,200.121.95.46,people.com.cn,$23.28,$9262.62
793,Sharon,King,skingm0@wisc.edu,Female,88.29.216.208,elpais.com,$146.37,$6724.10
794,Judith,Carr,jcarrm1@prnewswire.com,Female,34.63.56.75,free.fr,$137.38,$3785.92
795,Mark,Willis,mwillism2@wp.com,Male,69.114.67.8,bandcamp.com,$107.52,$9710.02
796,Victor,Patterson,vpattersonm3@intel.com,Male,171.174.225.113,discovery.com,$38.89,$1947.65
797,Joe,Gomez,jgomezm4@boston.com,Male,85.135.137.245,cloudflare.com,$126.75,$8239.14
798,Bonnie,Stanley,bstanleym5@sphinn.com,Female,182.197.140.93,chronoengine.com,$137.18,$8148.70
799,Lisa,Powell,lpowellm6@usa.gov,Female,204.61.71.154,squidoo.com,$75.05,$7087.68
800,Arthur,Banks,abanksm7@ask.com,Male,192.203.232.157,jiathis.com,$103.75,$5724.33
801,Nicholas,Roberts,nrobertsm8@vkontakte.ru,Male,202.98.190.149,fotki.com,$64.74,$3679.28
802,Maria,Diaz,mdiazm9@yahoo.com,Female,179.125.78.122,prweb.com,$137.01,$9837.52
803,Deborah,Wilson,dwilsonma@rambler.ru,Female,88.210.223.166,freewebs.com,$129.14,$1412.43
804,Timothy,Turner,tturnermb@nationalgeographic.com,Male,28.140.115.124,deliciousdays.com,$35.81,$4058.66
805,Alice,Richards,arichardsmc@apache.org,Female,231.66.38.9,china.com.cn,$55.76,$2041.49
806,Lois,Stevens,lstevensmd@hibu.com,Female,188.87.126.99,ning.com,$18.27,$6335.06
807,Andrew,Hernandez,ahernandezme@tripadvisor.com,Male,47.194.165.46,senate.gov,$101.20,$7007.85
808,Ashley,Jordan,ajordanmf@patch.com,Female,198.27.163.44,state.tx.us,$93.76,$2333.04
809,Nicholas,Hall,nhallmg@skyrock.com,Male,240.1.98.32,etsy.com,$111.99,$7074.21
810,Nicholas,Evans,nevansmh@furl.net,Male,62.249.54.121,tinypic.com,$81.98,$1469.66
811,Victor,Garcia,vgarciami@businessweek.com,Male,206.43.59.180,msu.edu,$143.17,$5153.64
812,Carolyn,Crawford,ccrawfordmj@about.com,Female,151.84.3.215,cmu.edu,$143.85,$344.13
813,Ralph,Murphy,rmurphymk@mit.edu,Male,234.240.240.201,ucoz.ru,$57.75,$5120.04
814,Harold,Woods,hwoodsml@surveymonkey.com,Male,132.21.11.119,shop-pro.jp,$36.44,$4954.35
815,Nancy,Flores,nfloresmm@tuttocitta.it,Female,5.60.194.234,woothemes.com,$118.56,$5069.09
816,Linda,Bell,lbellmn@reverbnation.com,Female,17.171.101.243,state.tx.us,$78.71,$505.70
817,Theresa,Matthews,tmatthewsmo@virginia.edu,Female,60.62.159.20,house.gov,$15.96,$637.78
818,Jason,Jackson,jjacksonmp@booking.com,Male,236.200.18.219,whitehouse.gov,$136.29,$9442.74
819,Marilyn,Robertson,mrobertsonmq@wikipedia.org,Female,111.35.198.207,washingtonpost.com,$94.84,$9103.57
820,Wayne,Allen,wallenmr@slideshare.net,Male,49.246.15.171,freewebs.com,$29.55,$2087.48
821,Doris,Kim,dkimms@ebay.com,Female,46.107.104.71,cbslocal.com,$65.29,$4575.83
822,Steven,Wells,swellsmt@sciencedaily.com,Male,188.86.125.76,google.es,$76.80,$470.20
823,Kenneth,Knight,kknightmu@craigslist.org,Male,12.125.175.253,oaic.gov.au,$133.28,$3086.79
824,Eric,Grant,egrantmv@seesaa.net,Male,175.104.116.117,gravatar.com,$127.28,$286.48
825,Deborah,Clark,dclarkmw@nhs.uk,Female,185.64.63.69,chronoengine.com,$92.51,$5825.40
826,Louis,Lane,llanemx@altervista.org,Male,109.251.67.37,sfgate.com,$115.41,$3940.18
827,Bonnie,Vasquez,bvasquezmy@vinaora.com,Female,25.32.241.7,posterous.com,$135.24,$1728.39
828,Bruce,Watkins,bwatkinsmz@ed.gov,Male,69.9.135.74,etsy.com,$30.78,$2862.65
829,Paula,Richards,prichardsn0@4shared.com,Female,52.45.20.71,symantec.com,$127.92,$2227.64
830,Tina,Cook,tcookn1@linkedin.com,Female,118.102.233.228,privacy.gov.au,$120.36,$5013.47
831,Kathy,Sanders,ksandersn2@skyrock.com,Female,23.94.32.0,ifeng.com,$97.75,$1344.63
832,Adam,George,ageorgen3@indiegogo.com,Male,61.228.242.69,epa.gov,$118.91,$2338.01
833,Joe,Garrett,jgarrettn4@cam.ac.uk,Male,119.244.45.74,skype.com,$90.61,$1666.97
834,Kathy,Howard,khowardn5@e-recht24.de,Female,11.78.109.24,ezinearticles.com,$19.41,$6379.88
835,Sharon,Armstrong,sarmstrongn6@opera.com,Female,184.134.88.239,posterous.com,$105.04,$3287.99
836,Jane,Webb,jwebbn7@google.ca,Female,81.144.49.189,webeden.co.uk,$136.41,$5675.58
837,Jean,Stephens,jstephensn8@arizona.edu,Female,247.207.243.125,yellowpages.com,$141.91,$7267.51
838,Mildred,James,mjamesn9@ustream.tv,Female,94.104.45.99,buzzfeed.com,$126.30,$518.62
839,Anthony,Knight,aknightna@tiny.cc,Male,213.156.230.78,clickbank.net,$142.28,$2800.15
840,Fred,Gordon,fgordonnb@canalblog.com,Male,19.145.171.120,ask.com,$96.02,$7598.51
841,William,Stephens,wstephensnc@google.ru,Male,228.144.215.243,bloomberg.com,$38.36,$3095.44
842,Ruth,Wells,rwellsnd@house.gov,Female,98.17.75.26,google.co.jp,$80.34,$3679.27
843,Timothy,Watson,twatsonne@ted.com,Male,104.107.2.61,sphinn.com,$89.26,$5067.67
844,Steve,Bell,sbellnf@youku.com,Male,194.214.162.69,yahoo.co.jp,$60.16,$1354.25
845,Ryan,Morgan,rmorganng@1und1.de,Male,48.78.239.230,statcounter.com,$122.35,$4080.99
846,Kathy,Vasquez,kvasqueznh@hexun.com,Female,113.203.163.210,usatoday.com,$143.37,$2185.92
847,Billy,Davis,bdavisni@ovh.net,Male,54.207.58.119,engadget.com,$19.93,$3672.37
848,Rose,Powell,rpowellnj@netlog.com,Female,87.217.91.213,yandex.ru,$133.09,$733.23
849,Michelle,Moreno,mmorenonk@studiopress.com,Female,153.245.50.91,clickbank.net,$21.68,$5750.40
850,Deborah,Wheeler,dwheelernl@globo.com,Female,7.161.33.25,odnoklassniki.ru,$143.09,$2517.00
851,Amanda,Sullivan,asullivannm@telegraph.co.uk,Female,101.178.128.97,google.com.br,$129.70,$5646.41
852,Samuel,Diaz,sdiaznn@furl.net,Male,97.9.36.190,merriam-webster.com,$143.04,$279.97
853,Susan,Jordan,sjordanno@who.int,Female,25.110.165.62,yahoo.com,$129.41,$7334.32
854,Teresa,Gonzalez,tgonzaleznp@free.fr,Female,132.33.143.247,blog.com,$74.23,$8895.72
855,William,Payne,wpaynenq@t.co,Male,149.190.109.215,accuweather.com,$116.16,$9381.35
856,Ernest,Nelson,enelsonnr@jalbum.net,Male,237.165.186.144,technorati.com,$91.13,$5650.61
857,Doris,Hughes,dhughesns@mapy.cz,Female,233.98.57.95,ucla.edu,$36.44,$1040.78
858,Rose,Mccoy,rmccoynt@bigcartel.com,Female,172.224.111.89,eventbrite.com,$141.18,$7400.40
859,Karen,Fernandez,kfernandeznu@gizmodo.com,Female,85.17.22.185,uiuc.edu,$137.69,$3800.75
860,Frances,Ramirez,framireznv@godaddy.com,Female,98.0.1.244,sphinn.com,$41.55,$6036.95
861,Amanda,Owens,aowensnw@cam.ac.uk,Female,82.22.148.46,ask.com,$77.20,$8744.09
862,Jack,Carr,jcarrnx@usa.gov,Male,209.231.235.144,twitpic.com,$147.39,$2630.75
863,Jean,James,jjamesny@cbslocal.com,Female,145.239.225.218,howstuffworks.com,$51.26,$2010.80
864,Edward,Rose,erosenz@smugmug.com,Male,111.58.231.108,goodreads.com,$59.18,$8012.33
865,Jeremy,Gardner,jgardnero0@360.cn,Male,250.226.172.131,gnu.org,$30.13,$3549.69
866,Catherine,Hanson,chansono1@topsy.com,Female,167.4.113.71,meetup.com,$13.64,$3113.34
867,Peter,Payne,ppayneo2@who.int,Male,140.144.60.81,newyorker.com,$126.25,$1458.12
868,Anna,Montgomery,amontgomeryo3@plala.or.jp,Female,5.223.168.180,seattletimes.com,$27.28,$6289.39
869,Sara,Day,sdayo4@cbsnews.com,Female,190.205.232.164,washingtonpost.com,$138.78,$1188.86
870,Fred,Howard,fhowardo5@altervista.org,Male,114.106.227.169,barnesandnoble.com,$33.99,$1048.67
871,Carolyn,Gordon,cgordono6@bing.com,Female,212.239.247.93,reverbnation.com,$47.95,$4214.53
872,Steven,Butler,sbutlero7@ovh.net,Male,26.228.222.252,icq.com,$90.39,$6804.69
873,Stephen,Ward,swardo8@artisteer.com,Male,206.157.45.169,telegraph.co.uk,$18.74,$6192.74
874,Jonathan,Owens,jowenso9@nytimes.com,Male,60.220.112.33,prnewswire.com,$82.61,$3839.86
875,Matthew,Weaver,mweaveroa@moonfruit.com,Male,206.88.190.51,nbcnews.com,$13.80,$6534.31
876,Catherine,Willis,cwillisob@buzzfeed.com,Female,38.82.12.213,apple.com,$148.02,$5735.24
877,Kimberly,Allen,kallenoc@hibu.com,Female,236.72.200.112,shareasale.com,$82.43,$1962.57
878,Matthew,Burke,mburkeod@hp.com,Male,114.6.120.191,gizmodo.com,$40.04,$5338.38
879,Phillip,Sanchez,psanchezoe@domainmarket.com,Male,212.216.100.26,mediafire.com,$125.36,$8250.59
880,Julia,Mccoy,jmccoyof@so-net.ne.jp,Female,240.122.121.49,tiny.cc,$130.84,$5914.19
881,Steven,Carr,scarrog@omniture.com,Male,145.60.193.20,patch.com,$123.80,$7376.52
882,Patrick,Snyder,psnyderoh@discuz.net,Male,80.171.191.62,bing.com,$129.62,$2260.53
883,Pamela,Hicks,phicksoi@soundcloud.com,Female,146.135.80.148,cocolog-nifty.com,$36.73,$4687.27
884,Carol,Howell,chowelloj@forbes.com,Female,125.29.50.142,apache.org,$69.92,$8163.34
885,Gloria,Gonzales,ggonzalesok@usgs.gov,Female,61.16.128.139,networksolutions.com,$81.57,$5884.85
886,Jason,Hamilton,jhamiltonol@princeton.edu,Male,225.105.192.206,symantec.com,$14.19,$6912.50
887,Carolyn,White,cwhiteom@dedecms.com,Female,208.54.70.207,ca.gov,$31.69,$604.91
888,Lori,Wood,lwoodon@sfgate.com,Female,191.177.31.125,google.com.br,$56.88,$9347.89
889,Sandra,Stewart,sstewartoo@tamu.edu,Female,238.25.206.64,soup.io,$64.02,$8047.21
890,Ruby,Willis,rwillisop@earthlink.net,Female,41.250.228.173,whitehouse.gov,$88.40,$5935.96
891,Bonnie,Ruiz,bruizoq@histats.com,Female,179.208.145.28,com.com,$52.70,$9890.79
892,Jose,Stewart,jstewartor@prlog.org,Male,21.173.132.48,deliciousdays.com,$93.58,$2804.00
893,Earl,Robinson,erobinsonos@tamu.edu,Male,232.97.182.228,hatena.ne.jp,$38.17,$3145.98
894,Jean,Cunningham,jcunninghamot@amazonaws.com,Female,97.207.184.236,digg.com,$72.50,$9821.89
895,Kelly,Arnold,karnoldou@opera.com,Female,235.129.254.133,nih.gov,$42.14,$9744.66
896,Todd,Reynolds,treynoldsov@symantec.com,Male,134.215.25.180,msn.com,$71.22,$8012.84
897,Linda,Robinson,lrobinsonow@goo.ne.jp,Female,220.157.141.194,europa.eu,$37.16,$6125.97
898,Arthur,Lawrence,alawrenceox@mapquest.com,Male,144.22.133.176,wsj.com,$16.97,$4411.75
899,Ralph,Harper,rharperoy@hhs.gov,Male,65.227.142.38,ehow.com,$54.56,$1436.76
900,Melissa,Hunt,mhuntoz@google.ca,Female,133.133.209.241,businessweek.com,$58.64,$7248.56
901,Justin,Phillips,jphillipsp0@last.fm,Male,142.29.3.235,cyberchimps.com,$79.00,$3034.32
902,Amy,Lee,aleep1@sbwire.com,Female,12.22.202.155,sbwire.com,$76.01,$4411.55
903,Craig,Duncan,cduncanp2@behance.net,Male,251.250.120.60,wufoo.com,$101.17,$7039.54
904,Lori,Hanson,lhansonp3@google.ru,Female,213.195.233.151,mashable.com,$87.91,$3191.64
905,Scott,Williamson,swilliamsonp4@marketwatch.com,Male,11.60.164.23,usda.gov,$15.71,$4136.66
906,Earl,Porter,eporterp5@forbes.com,Male,179.198.100.44,com.com,$141.55,$3835.04
907,Julie,Cole,jcolep6@nydailynews.com,Female,164.145.250.86,fc2.com,$140.78,$1018.09
908,Kathy,Reynolds,kreynoldsp7@51.la,Female,147.175.203.189,hatena.ne.jp,$128.03,$1463.79
909,Kathleen,Green,kgreenp8@sphinn.com,Female,255.137.46.161,mashable.com,$57.84,$436.19
910,Ernest,Banks,ebanksp9@redcross.org,Male,103.44.91.46,wordpress.com,$86.84,$3856.85
911,Pamela,Lopez,plopezpa@netlog.com,Female,205.232.241.76,illinois.edu,$85.59,$4657.89
912,Jimmy,Lawrence,jlawrencepb@usgs.gov,Male,91.226.3.187,freewebs.com,$145.43,$5377.20
913,Jonathan,Gordon,jgordonpc@cmu.edu,Male,2.133.104.230,yelp.com,$19.91,$6824.88
914,Dennis,Warren,dwarrenpd@sciencedirect.com,Male,239.68.142.142,nps.gov,$112.29,$6629.68
915,Jesse,Harris,jharrispe@springer.com,Male,168.20.150.38,hhs.gov,$43.15,$3433.31
916,Janice,Rodriguez,jrodriguezpf@mysql.com,Female,218.244.117.37,imgur.com,$130.05,$5944.72
917,Denise,Campbell,dcampbellpg@g.co,Female,70.5.90.18,time.com,$72.77,$6057.28
918,Sean,Harrison,sharrisonph@pagesperso-orange.fr,Male,34.253.76.164,harvard.edu,$103.75,$9506.06
919,Ann,Alexander,aalexanderpi@youtu.be,Female,49.16.83.12,google.de,$137.00,$2549.78
920,Terry,Thompson,tthompsonpj@indiatimes.com,Male,125.44.233.245,netscape.com,$95.79,$6116.86
921,Karen,Wood,kwoodpk@blogger.com,Female,255.45.102.3,sogou.com,$132.14,$7667.57
922,Kathryn,Henderson,khendersonpl@arizona.edu,Female,184.209.243.253,ow.ly,$92.54,$3482.83
923,Marie,Stanley,mstanleypm@sogou.com,Female,52.131.4.209,answers.com,$17.46,$5773.59
924,Christina,Fisher,cfisherpn@histats.com,Female,91.222.26.246,tinyurl.com,$118.93,$9576.92
925,Brandon,Adams,badamspo@yahoo.com,Male,208.130.27.200,unblog.fr,$26.33,$3909.09
926,Kathleen,Garrett,kgarrettpp@un.org,Female,81.128.128.39,reuters.com,$83.42,$8762.17
927,Charles,Parker,cparkerpq@wikia.com,Male,138.22.119.194,i2i.jp,$119.88,$3886.08
928,Julia,Stanley,jstanleypr@instagram.com,Female,81.218.65.196,reddit.com,$97.87,$6887.59
929,Cheryl,Powell,cpowellps@guardian.co.uk,Female,110.149.134.112,gov.uk,$122.20,$619.83
930,Linda,Wells,lwellspt@geocities.jp,Female,92.157.210.182,webmd.com,$123.43,$5416.15
931,Nancy,Chapman,nchapmanpu@prnewswire.com,Female,125.144.254.115,plala.or.jp,$116.83,$8726.95
932,Sarah,Carpenter,scarpenterpv@tinyurl.com,Female,123.201.124.11,printfriendly.com,$59.23,$5763.39
933,Lillian,Scott,lscottpw@salon.com,Female,142.124.35.252,nytimes.com,$146.48,$5318.28
934,Roger,Garrett,rgarrettpx@amazonaws.com,Male,160.102.50.200,constantcontact.com,$40.67,$8300.26
935,Doris,Butler,dbutlerpy@symantec.com,Female,216.193.42.101,amazon.de,$66.61,$6809.13
936,Anthony,Sullivan,asullivanpz@t-online.de,Male,56.209.149.106,sun.com,$115.37,$7378.34
937,Roger,Morrison,rmorrisonq0@flickr.com,Male,45.172.241.96,state.tx.us,$138.52,$6305.02
938,Anne,Jones,ajonesq1@msu.edu,Female,228.121.239.45,sfgate.com,$45.26,$549.85
939,Lisa,Oliver,loliverq2@angelfire.com,Female,171.131.119.56,ft.com,$67.72,$4541.14
940,Amanda,Hicks,ahicksq3@digg.com,Female,45.117.42.69,bandcamp.com,$18.06,$1066.56
941,Melissa,Welch,mwelchq4@elegantthemes.com,Female,63.253.212.44,nifty.com,$98.33,$5103.39
942,Lois,Banks,lbanksq5@imgur.com,Female,45.76.208.246,bizjournals.com,$86.19,$3027.86
943,Jose,West,jwestq6@blog.com,Male,220.110.166.151,goo.gl,$89.98,$3580.40
944,Randy,Fisher,rfisherq7@plala.or.jp,Male,63.50.187.66,google.com.au,$37.58,$270.93
945,Ernest,Young,eyoungq8@arstechnica.com,Male,42.154.243.17,examiner.com,$123.80,$2908.33
946,Albert,Nichols,anicholsq9@cargocollective.com,Male,207.223.114.204,google.it,$66.10,$8057.99
947,William,Oliver,woliverqa@who.int,Male,63.127.15.46,techcrunch.com,$97.05,$3138.84
948,Wanda,Williamson,wwilliamsonqb@europa.eu,Female,249.146.84.201,bravesites.com,$138.66,$3003.50
949,Wayne,Payne,wpayneqc@prweb.com,Male,51.174.216.131,vimeo.com,$128.77,$4504.91
950,Matthew,King,mkingqd@vinaora.com,Male,34.191.89.230,symantec.com,$70.40,$3741.81
951,Christina,Dean,cdeanqe@etsy.com,Female,12.254.238.109,yolasite.com,$130.46,$2115.77
952,Jason,Murphy,jmurphyqf@unesco.org,Male,112.239.134.30,e-recht24.de,$74.96,$3077.96
953,Barbara,Hansen,bhansenqg@state.tx.us,Female,106.100.134.34,sakura.ne.jp,$72.06,$4822.88
954,Andrew,Stewart,astewartqh@cargocollective.com,Male,49.143.177.184,unc.edu,$99.61,$8699.41
955,Nicholas,Spencer,nspencerqi@multiply.com,Male,245.108.26.119,indiatimes.com,$43.00,$553.49
956,Betty,Richardson,brichardsonqj@stanford.edu,Female,128.219.8.174,apache.org,$27.38,$6913.68
957,Christine,Garcia,cgarciaqk@shinystat.com,Female,122.130.16.243,godaddy.com,$48.08,$7712.08
958,Keith,Phillips,kphillipsql@symantec.com,Male,197.103.254.197,shareasale.com,$44.23,$5431.98
959,Howard,Williams,hwilliamsqm@bbc.co.uk,Male,219.70.74.107,nba.com,$25.97,$9467.46
960,Andrea,Baker,abakerqn@yelp.com,Female,46.200.38.30,discovery.com,$35.95,$1937.44
961,Lawrence,Wallace,lwallaceqo@mlb.com,Male,211.188.250.47,digg.com,$30.73,$386.14
962,Jonathan,Hughes,jhughesqp@sakura.ne.jp,Male,245.137.16.136,cnet.com,$44.87,$3895.87
963,Marilyn,Welch,mwelchqq@howstuffworks.com,Female,77.226.155.112,over-blog.com,$16.58,$2203.47
964,Julie,Weaver,jweaverqr@yale.edu,Female,157.118.109.115,histats.com,$73.40,$4051.26
965,Kathy,Hudson,khudsonqs@microsoft.com,Female,211.222.91.204,senate.gov,$138.46,$6853.06
966,George,Grant,ggrantqt@sitemeter.com,Male,110.111.129.232,marriott.com,$31.17,$4908.78
967,Maria,Foster,mfosterqu@whitehouse.gov,Female,236.121.24.165,qq.com,$13.55,$7201.34
968,Linda,Grant,lgrantqv@ehow.com,Female,21.94.235.65,cisco.com,$24.92,$1845.14
969,Albert,Perry,aperryqw@twitter.com,Male,210.25.125.73,prlog.org,$46.77,$460.57
970,Mildred,Wagner,mwagnerqx@gnu.org,Female,41.177.49.195,comsenz.com,$88.96,$8893.58
971,Jason,Meyer,jmeyerqy@dell.com,Male,116.201.176.45,opera.com,$68.17,$1851.59
972,Joyce,Mccoy,jmccoyqz@samsung.com,Female,88.58.214.57,vimeo.com,$103.02,$5531.92
973,Terry,Little,tlittler0@about.com,Male,66.122.206.154,baidu.com,$135.17,$4906.24
974,Julia,Hall,jhallr1@bizjournals.com,Female,126.215.225.102,scientificamerican.com,$13.33,$6091.12
975,William,Morales,wmoralesr2@va.gov,Male,175.229.212.54,joomla.org,$135.25,$6219.68
976,Evelyn,Moreno,emorenor3@ifeng.com,Female,250.93.236.101,si.edu,$29.18,$1325.26
977,Antonio,Rivera,ariverar4@com.com,Male,48.201.160.167,drupal.org,$10.75,$5062.54
978,Gloria,Boyd,gboydr5@microsoft.com,Female,157.41.140.174,unicef.org,$145.31,$1419.35
979,Bruce,Mendoza,bmendozar6@go.com,Male,146.37.228.181,hud.gov,$89.26,$6931.72
980,Emily,Turner,eturnerr7@latimes.com,Female,110.91.51.100,rambler.ru,$13.79,$9062.29
981,Julie,Garza,jgarzar8@privacy.gov.au,Female,55.128.33.87,foxnews.com,$69.73,$6569.54
982,Anna,Grant,agrantr9@ihg.com,Female,237.234.115.195,toplist.cz,$38.38,$3411.52
983,Billy,Little,blittlera@nih.gov,Male,37.107.147.232,wordpress.com,$72.71,$3681.86
984,Craig,Anderson,candersonrb@netscape.com,Male,1.17.223.10,wix.com,$27.03,$1401.81
985,Brian,Rose,broserc@stanford.edu,Male,215.53.136.156,nature.com,$90.13,$9140.91
986,Harry,Dunn,hdunnrd@cnet.com,Male,234.168.85.87,google.ca,$68.87,$6203.00
987,Ruth,Gutierrez,rgutierrezre@mit.edu,Female,158.16.182.49,hc360.com,$17.26,$4890.72
988,Raymond,Wood,rwoodrf@bloglines.com,Male,65.104.59.101,ocn.ne.jp,$70.36,$6549.19
989,Charles,Wagner,cwagnerrg@webmd.com,Male,244.255.17.155,goo.gl,$133.74,$6674.72
990,Angela,Ford,afordrh@com.com,Female,205.69.30.224,hao123.com,$140.33,$1459.22
991,Adam,Griffin,agriffinri@jalbum.net,Male,206.44.214.130,virginia.edu,$45.93,$8875.87
992,Melissa,Willis,mwillisrj@tuttocitta.it,Female,177.12.66.38,rediff.com,$22.97,$5555.27
993,Anne,Garza,agarzark@lycos.com,Female,81.199.66.79,harvard.edu,$145.01,$4935.82
994,Anna,Vasquez,avasquezrl@princeton.edu,Female,168.13.13.69,eepurl.com,$82.84,$664.45
995,Peter,Weaver,pweaverrm@senate.gov,Male,225.23.37.160,sun.com,$80.21,$5808.14
996,Peter,Weaver,pweaverrn@bandcamp.com,Male,116.222.121.159,smugmug.com,$127.55,$6586.25
997,Katherine,Morris,kmorrisro@freewebs.com,Female,120.32.9.101,jimdo.com,$12.12,$8500.04
998,Ronald,Mason,rmasonrp@yellowpages.com,Male,136.167.231.212,skype.com,$100.53,$4610.33
999,Thomas,Alexander,talexanderrq@umich.edu,Male,247.120.149.171,github.com,$47.16,$6572.13
1000,Kathryn,Jacobs,kjacobsrr@mayoclinic.com,Female,30.100.44.153,myspace.com,$36.71,$8539.31
